FOODID,FOODNAME_y,FOODTYPE,PROCESS,EDPORT,IGCLASS,IGCLASSP,CA,CAROTENS,FE,FIBC,FOL,ID,K,MG,NACL,NATRIUM,NIA,NIAEQ,P,RIBF,SE,THIA,VITA,VITB12,VITC,VITD,VITE,VITK,VITPYRID,ZN
100,"FLOUR, RYE, WHOLEGRAIN RYE FLOUR",FOOD,RAW,100,RYE,CERTOT,33.0,219.7,3.3,13.9,38.0,5.0,445.0,97.0,2.55,1.0,0.2,2.037,312.0,0.16,5.0,0.31,0.54,0.0,0.0,0.0,1.02,5.9,0.17,2.9
103,RYE FLAKES,FOOD,RAW,100,RYE,CERTOT,30.0,219.7,3.5,13.9,43.4,20.0,450.0,110.0,12.74,5.0,0.7,2.537,290.0,0.1,5.0,0.24,0.54,0.0,0.0,0.0,0.39,5.9,0.42,2.6
110,"FLOUR, WHEAT FLOUR, SEMI-COARSE",FOOD,RAW,100,WHEAT,CERTOT,19.0,4.3,0.9,3.5,18.0,10.0,155.0,29.0,2.55,1.0,0.9,3.071,116.0,0.05,10.0,0.08,0.36,0.0,0.0,0.0,0.39,1.0,0.1,0.8
111,"FLOUR, WHOLE WHEAT FLOUR, GRAHAM FLOUR",FOOD,RAW,100,WHEAT,CERTOT,32.0,224.1,3.9,9.9,45.0,5.0,417.0,121.0,2.55,1.0,5.0,7.672,347.0,0.15,7.6,0.35,0.36,0.0,0.0,0.0,1.0,2.6,0.11,3.0
112,SEMOLINA,FOOD,RAW,100,WHEAT,CERTOT,13.0,197.1,1.2,3.5,42.0,5.0,150.0,21.0,7.64,3.0,1.0,3.705,95.0,0.05,7.74,0.08,0.36,0.0,0.0,0.0,0.15,1.0,0.11,0.8
113,"SEMOLINA, WHOLE WHEAT",FOOD,RAW,100,WHEAT,CERTOT,26.0,4.3,1.2,5.5,42.0,5.0,390.0,127.0,12.74,5.0,1.0,3.705,350.0,0.12,7.74,0.08,0.36,0.0,0.0,0.0,0.15,2.6,0.42,3.6
114,WHEAT FLAKES,FOOD,RAW,100,WHEAT,CERTOT,25.0,4.3,5.0,12.9,39.6,30.0,440.0,114.0,10.19,4.0,5.0,7.672,330.0,0.08,9.46,0.19,0.36,0.0,0.0,0.0,1.0,2.6,0.24,3.3
115,WHEAT GERM,FOOD,RAW,100,WHEAT,CERTOT,41.0,848.7,8.9,14.0,213.0,5.0,1060.0,293.0,5.86,2.3,4.2,9.878,1000.0,0.63,9.46,1.7,5.14,0.0,0.0,0.0,22.08,4.0,0.65,17.8
116,WHEAT BRAN,FOOD,RAW,100,WHEAT,CERTOT,116.0,248.3,20.0,37.5,63.0,5.0,2260.0,822.0,2.55,1.0,23.0,27.709,1850.0,0.35,17.0,0.8,0.46,0.0,0.0,0.0,1.63,2.0,1.0,13.0
117,"MACARONI, PASTA",FOOD,RAW,100,WHEAT,CERTOT,21.0,4.3,3.3,3.35,23.7,10.0,270.0,33.0,7.64,3.0,0.9,3.989,140.0,0.05,7.74,0.08,0.36,0.0,0.0,0.0,0.12,1.0,0.06,1.2
119,"MACARONI, WHOLE WHEAT",FOOD,RAW,100,WHEAT,CERTOT,23.0,226.6,4.1,5.9,55.7,10.0,280.0,91.0,7.64,3.0,5.0,8.089,280.0,0.12,7.6,0.35,0.4,0.0,0.0,0.0,1.0,1.0,0.05,3.1
120,"NOODLE, WHEAT",FOOD,RAW,100,WHEAT,CERTOT,22.0,191.2,4.1,3.3,11.0,0.0,180.0,18.0,5.1,2.0,0.877,2.979,120.0,0.07,7.548,0.078,0.35,0.0,0.0,0.0,0.499,1.136,0.06,1.0
121,"PASTA, SPAGHETTI, MACARONI",FOOD,RAW,100,WHEAT,CERTOT,16.0,197.1,4.4,3.35,23.7,5.0,180.0,27.0,7.64,3.0,0.9,3.989,110.0,0.05,7.74,0.08,0.36,0.0,0.0,0.0,0.39,1.0,0.1,1.1
124,"FLOUR, DARK WHEAT FLOUR",FOOD,RAW,100,WHEAT,CERTOT,26.0,229.0,2.5,5.5,38.0,10.0,275.0,76.0,2.55,1.0,4.0,7.34,248.0,0.12,11.4,0.45,0.44,0.0,0.0,0.0,1.57,1.8,0.11,2.1
125,"FLOUR MIXTURE, FOR BREAD ROLLS, WHEAT FLOUR, WHEAT GROATS, RYE",FOOD,MIX,100,WHEAT,CERTOT,17.0,119.3,2.4,5.5,30.0,5.0,240.0,51.0,2.55,1.0,5.0,7.161,176.0,0.1,9.46,0.48,0.42,0.0,0.0,0.0,0.72,2.937,0.13,1.6
126,"FLOUR, BREADCRUMBS",FOOD,RAW,100,WHEAT,CERTOT,18.94,4.3,0.895,3.482,17.91,9.95,154.21,28.866,12.41,4.87,0.895,3.055,115.4,0.05,9.949,0.0796,0.358,0.0,0.0,0.0,0.388,0.995,0.1,0.796
133,"WAFER, ICE CREAM CONE",FOOD,BAK,100,WHEAT,CERTOT,48.0,140.1,4.2,4.3,5.0,5.0,150.0,23.0,840.84,330.0,0.64,2.183,130.0,0.04,5.611,0.0455,0.254,0.0,0.0,0.0,1.254,7.692,0.07,0.87
142,"FLOUR, WHEAT FLOUR, SEMI-COARSE, BAKERY INDUSTRY, FRESH",FOOD,RAW,100,WHEAT,CERTOT,13.0,197.1,1.2,3.7,17.0,10.0,150.0,21.0,2.55,1.0,0.9,3.071,95.0,0.05,7.74,0.08,0.36,0.0,0.0,0.0,0.39,1.0,0.1,0.8
150,"FLOUR, BARLEY FLOUR",FOOD,RAW,100,BARLEY,CERTOT,23.0,162.4,4.5,7.6,35.0,5.0,360.0,89.0,2.55,1.0,5.5,7.504,300.0,0.12,8.6,0.4,0.0,0.0,0.0,0.0,0.3,2.2,0.1,2.8
151,"BARLEY, PEARL",FOOD,RAW,100,BARLEY,CERTOT,20.0,162.4,3.0,7.6,19.0,10.0,270.0,65.0,6.12,2.4,3.0,5.004,210.0,0.08,8.6,0.2,0.0,0.0,0.0,0.0,0.3,2.2,0.1,2.1
152,"BARLEY, ROLLED, BARLEY FLAKES",FOOD,RAW,100,BARLEY,CERTOT,18.0,162.4,3.2,9.1,32.7,10.0,280.0,70.0,12.74,5.0,4.2,6.204,220.0,0.03,8.6,0.12,0.0,0.0,0.0,0.0,0.3,2.2,0.1,2.0
153,"OATS, ROLLED, OAT FLAKES",FOOD,RAW,100,OAT,CERTOT,47.0,177.0,4.7,10.0,43.6,20.0,414.0,142.0,2.55,1.0,0.8,4.307,471.0,0.09,12.0,0.33,0.0,0.0,0.0,0.0,0.85,2.1,0.13,3.6
154,"FLOUR MIXTURE, TALKKUNA POWDER, ROASTED BARLEY, RYE, OAT, PEA",FOOD,RAW,100,CEROTH,CERTOT,53.0,111.3,7.0,9.9,35.0,170.0,380.0,114.0,917.28,360.0,5.5,7.504,360.0,0.19,8.6,0.5,0.36,0.0,0.0,0.0,0.3,2.2,0.21,3.5
156,"RICE, WHITE",FOOD,RAW,100,RICE,CERTOT,6.0,0.0,1.2,2.3,20.0,5.0,130.0,34.0,15.29,6.0,1.4,2.836,110.0,0.03,15.0,0.05,0.0,0.0,0.0,0.0,0.04,0.16,0.08,1.3
158,"RICE, WHOLEGRAIN",FOOD,RAW,100,RICE,CERTOT,11.0,0.0,3.6,7.4,23.0,5.0,260.0,110.0,15.29,6.0,4.308,5.911,250.0,0.03,23.0,0.05,0.0,0.0,0.0,0.0,0.63,0.8,0.61,1.6
160,"FLOUR, MILLET, WHOLE OR CRUSHED GRAINS",FOOD,RAW,100,CEROTH,CERTOT,9.0,0.0,4.8,3.2,24.0,5.0,220.0,103.0,7.64,3.0,1.6,3.587,240.0,0.14,2.0,0.26,0.0,0.0,0.0,0.0,0.06,0.9,0.75,3.4
161,"FLOUR, BUCKWHEAT, WHOLE OR CRUSHED GRAINS",FOOD,RAW,100,CEROTH,CERTOT,18.0,0.0,3.8,5.8,35.0,5.0,460.0,178.0,5.1,2.0,2.8,5.856,320.0,0.16,5.0,0.6,0.0,0.0,0.0,0.0,0.22,6.8,0.4,2.5
162,"FLOUR, POTATO STARCH, POTATO FLOUR",FOOD,RAW,100,STARCH,CERTOT,18.0,0.0,0.6,1.4,25.0,30.0,60.0,8.0,9.43,3.7,0.1,0.15,80.0,0.0,1.0,0.0,0.0,0.0,0.0,0.0,0.0,0.0,0.01,0.2
167,"MAIZE, KERNEL, DRIED, UNPOPPED",FOOD,DRIE,100,CEROTH,CERTOT,0.4,4245.5,1.5,9.2,20.0,5.0,270.0,72.0,2.55,1.0,1.6,3.019,170.0,0.28,2.0,0.53,34.736,0.0,0.0,0.0,0.4,1.5,1.1,1.4
168,MALT FOR BEER,FOOD,DRIE,100,RYE,CERTOT,38.0,0.0,6.9,14.3,7.4,5.0,410.0,14.0,16.56,6.5,0.0,0.0,390.0,0.34,,0.29,0.0,0.0,0.0,0.0,0.0,0.0,0.42,3.8
170,OAT BRAN,FOOD,RAW,100,OAT,CERTOT,85.0,177.0,8.0,17.5,51.0,20.0,638.0,230.0,2.55,1.0,0.8,6.394,718.0,0.17,13.0,1.0,0.0,0.0,0.0,0.0,0.85,2.1,0.17,5.0
172,"SPAGHETTI SPINACH, CONTAINS EGG",FOOD,RAW,100,WHEAT,CERTOT,25.3,262.8,0.982,3.35,26.54,14.3,148.98,24.843,48.17,18.91,0.711,2.914,121.4,0.102,12.986,0.0806,47.65,0.0,1.14,0.35,0.615,6.014,0.1,0.833
173,"OAT MACARONI, CONTAINS WHEAT AND OATS",FOOD,RAW,100,WHEAT,CERTOT,30.2,189.1,2.92,5.82,25.68,14.0,272.8,76.6,2.55,1.0,0.86,3.565,271.8,0.066,9.044,0.18,0.21,0.0,0.0,0.0,0.574,1.44,0.11,2.12
175,"WHEAT GRAIN, CRUSHED",FOOD,RAW,100,WHEAT,CERTOT,32.0,224.1,3.9,9.9,45.0,5.0,417.0,121.0,2.55,1.0,5.0,7.672,347.0,0.15,7.6,0.4,0.36,0.0,0.0,0.0,1.0,2.6,0.11,3.0
176,"RYE GRAIN, CRUSHED",FOOD,RAW,100,RYE,CERTOT,34.0,219.7,3.0,18.1,40.0,5.0,450.0,103.0,2.55,1.0,0.2,2.151,298.0,0.1,4.9,0.28,0.54,0.0,0.0,0.0,1.02,5.9,0.28,2.7
182,"FLOUR, RICE FLOUR, RICE FLAKE",FOOD,RAW,100,RICE,CERTOT,6.0,0.0,1.2,1.0,7.0,5.0,130.0,34.0,15.29,6.0,1.9,3.436,110.0,0.01,15.0,0.04,0.0,0.0,0.0,0.0,0.04,0.04,0.08,1.3
183,"FLOUR, RICE FLOUR, WHOLE GRAIN",FOOD,RAW,100,RICE,CERTOT,11.0,0.0,3.6,7.4,19.0,5.0,260.0,110.0,15.29,6.0,4.308,5.911,250.0,0.03,23.0,0.05,0.0,0.0,0.0,0.0,0.63,0.8,0.61,1.6
185,"FLOUR MIXTURE, GLUTEN-FREE, CONTAINS WHEAT STARCH",FOOD,MIX,100,CEROTH,CERTOT,220.0,455.6,6.5,1.25,15.08,16.4,184.3,27.542,127.4,50.0,4.0,5.331,190.0,0.4,9.713,0.4,3.513,0.0,0.33,0.0,0.062,0.111,0.42,0.93
189,"FLOUR MIXTURE, RYE, WHEAT",FOOD,MIX,100,RYE,CERTOT,26.0,112.0,2.1,8.7,28.0,7.5,300.0,63.0,2.55,1.0,0.55,2.554,214.0,0.105,7.5,0.195,0.45,0.0,0.0,0.0,0.705,3.45,0.14,1.85
202,"POTATO, DRIED",FOOD,DRIE,100,POTAPROD,POTATOT,26.0,339.5,3.0,7.3,58.0,0.0,2150.0,103.2,226.52,88.9,1.4,3.6,172.0,0.1,6.7,0.25,3.195,0.0,26.0,0.0,0.25,5.2,0.6,1.29
204,"POTATO, NEW",FOOD,RAW,100,POTATO,POTATOT,4.7,16.7,0.63,1.0,10.0,1.0,470.0,20.0,2.55,1.0,0.6,0.917,54.0,0.03,0.637,0.21,0.27,0.0,13.0,0.0,0.05,1.04,0.53,0.33
205,"POTATO, PEELED",FOOD,RAW,100,POTATO,POTATOT,5.6,67.9,0.67,1.0,23.17,1.0,500.0,24.0,2.55,1.0,0.6,0.917,45.0,0.03,0.637,0.21,0.64,0.0,10.0,0.0,0.05,1.04,0.12,0.31
206,MASHED POTATO POWDER,FOOD,DRIE,100,POTAPROD,POTATOT,132.72,267.2,2.796,6.716,13.0,12.0,2114.8,105.024,2063.88,810.0,1.36,4.092,236.6,0.266,7.764,0.2572,2.96,0.0,25.0,0.0,0.196,4.792,1.04,1.566
207,"FRENCH FRIES, FROZEN",FOOD,FROZ,100,POTAPROD,POTATOT,6.25,63.9,0.639,0.94,15.42,0.94,471.17,22.704,2.4,0.94,0.564,1.516,43.6,0.028,0.599,0.1974,0.61,0.0,4.0,0.0,1.367,8.946,0.11,0.295
209,POTATOFLAKE,FOOD,DRIE,100,POTAPROD,POTATOT,11.0,43.0,1.9,6.5,58.0,0.0,1280.0,80.0,73.89,29.0,4.2,5.786,172.0,0.13,6.7,0.17,0.498,0.0,31.0,0.0,0.03,8.7,0.748,1.29
300,CARROT,FOOD,RAW,100,ROOT,VEGTOT,29.0,11326.1,0.5,2.55,16.38,1.0,390.0,14.0,63.7,25.0,0.8,0.917,40.0,0.07,0.197,0.07,774.12,0.0,6.5,0.0,0.36,19.0,0.03,0.4
302,"CARROT, DRIED",FOOD,DRIE,100,ROOT,VEGTOT,145.0,94384.2,2.5,20.7,136.5,8.33,1950.0,70.0,682.86,268.0,6.667,7.641,200.0,0.28,1.642,0.28,6450.967,0.0,11.0,0.0,3.0,158.333,0.25,2.0
303,"SWEDE, RUTABAGA",FOOD,RAW,100,ROOT,VEGTOT,42.0,35.0,0.22,2.9,50.08,1.0,350.0,12.0,18.6,7.3,1.2,1.434,41.0,0.06,10.0,0.06,0.124,0.0,45.6,0.0,0.0,2.0,0.12,0.15
304,TURNIP,FOOD,RAW,100,ROOT,VEGTOT,33.0,71.8,0.15,2.7,14.0,1.0,180.0,17.0,45.86,18.0,1.2,1.4,34.0,0.06,10.0,0.06,5.96,0.0,22.9,0.0,0.0,2.0,0.08,0.16
305,"BEETROOT, RED BEET",FOOD,RAW,100,ROOT,VEGTOT,11.0,11.4,0.25,2.5,150.0,1.0,320.0,15.0,45.86,18.0,0.2,0.35,32.0,0.05,10.0,0.03,0.58,0.0,3.03,0.0,0.05,3.0,0.05,0.26
307,"BEETROOT, PICKLED",FOOD,CANN,100,VEGCANN,VEGTOT,16.0,4.4,0.73,1.8,35.59,1.0,160.0,13.0,305.76,120.0,0.2,0.35,19.0,0.05,0.4,0.02,0.0,0.0,6.0,0.0,0.06,1.2,0.05,0.31
308,RADISH,FOOD,RAW,100,ROOT,VEGTOT,16.0,21.4,0.17,1.1,38.0,1.0,340.0,8.9,35.67,14.0,0.2,0.35,19.0,0.04,10.0,0.04,0.78,0.0,15.1,0.0,0.0,0.4,0.06,0.12
309,PARSNIP,FOOD,RAW,100,ROOT,VEGTOT,31.0,20.0,0.39,5.7,87.0,1.0,480.0,28.0,3.57,1.4,0.7,1.051,58.0,0.09,10.0,0.13,1.66,0.0,15.2,0.0,0.82,,0.13,0.33
310,JERUSALEM ARTICHOKE,FOOD,RAW,100,ROOT,VEGTOT,23.0,8.0,0.2,16.4,13.0,0.0,630.0,13.0,12.49,4.9,1.3,1.534,60.0,0.05,10.0,0.2,0.664,0.0,4.68,0.0,0.35,0.1,0.11,0.24
311,"CELERIAC, TURNIP-ROOTED CELERY, KNOB CELERY, CELERY ROOT",FOOD,RAW,100,ROOT,VEGTOT,36.0,0.0,0.29,2.9,51.0,2.0,390.0,8.5,137.59,54.0,0.7,0.95,58.0,0.1,10.0,0.1,0.0,0.0,3.25,0.0,0.5,41.0,0.2,0.26
312,BLACK SALSIFY,FOOD,RAW,100,ROOT,VEGTOT,53.0,20.0,3.3,7.3,31.0,0.0,320.0,23.0,12.74,5.0,0.4,0.4,76.0,0.04,10.0,0.11,1.66,0.0,4.0,0.0,0.8,,0.08,0.0
320,WHITE CABBAGE,FOOD,RAW,100,CABBAGE,VEGTOT,38.0,218.0,0.2,2.5,29.94,1.0,240.0,10.0,13.25,5.2,0.4,0.751,27.0,0.05,10.0,0.07,5.46,0.0,36.8,0.0,0.04,60.0,0.16,0.11
321,RED CABBAGE,FOOD,RAW,100,CABBAGE,VEGTOT,32.0,41.1,0.24,2.5,39.0,1.0,270.0,11.0,9.43,3.7,0.4,0.584,31.0,0.05,10.0,0.13,1.26,0.0,48.3,0.0,0.05,42.0,0.15,0.14
322,CAULIFLOWER,FOOD,RAW,100,CABBAGE,VEGTOT,28.0,44.0,0.49,2.2,85.88,1.0,330.0,16.0,8.66,3.4,0.6,1.184,44.0,0.058,10.0,0.1,0.93,0.0,51.8,0.0,0.09,20.0,0.15,0.25
324,BROCCOLI,FOOD,RAW,100,CABBAGE,VEGTOT,30.0,2858.2,0.69,3.5,113.05,1.0,390.0,20.0,33.12,13.0,0.9,1.451,81.0,0.2,10.0,0.1,85.95,0.0,65.1,0.0,0.68,110.0,0.11,0.54
326,KALE,FOOD,RAW,100,CABBAGE,VEGTOT,240.0,41700.0,0.73,6.7,120.0,1.0,470.0,30.0,10.45,4.1,1.0,1.0,52.0,0.35,10.0,0.12,765.76,0.0,65.8,0.0,5.4,618.0,0.35,0.26
327,BRUSSELS SPROUT,FOOD,RAW,100,CABBAGE,VEGTOT,26.0,1353.7,0.38,4.4,93.58,1.0,520.0,24.0,35.67,14.0,0.7,0.7,66.0,0.16,10.0,0.11,35.81,0.0,108.0,0.0,0.4,220.0,0.28,0.27
329,KOHLRABI,FOOD,RAW,100,CABBAGE,VEGTOT,18.0,24.0,0.13,1.9,82.0,1.0,330.0,18.0,50.96,20.0,0.4,0.4,38.0,0.06,10.0,0.06,1.992,0.0,52.1,0.0,0.48,,0.15,0.15
330,LETTUCE,FOOD,RAW,100,VEGLEAF,VEGTOT,56.0,2734.5,0.7,1.0,51.25,1.0,360.0,21.0,58.6,23.0,0.4,0.567,40.0,0.07,0.2,0.06,81.63,0.0,4.5,0.0,0.63,115.0,0.06,0.5
331,ICEBERG LETTUCE,FOOD,RAW,100,VEGLEAF,VEGTOT,56.0,329.1,0.7,1.2,53.0,1.0,360.0,21.0,53.51,21.0,0.4,0.567,40.0,0.08,0.2,0.04,6.15,0.0,7.0,0.0,0.63,40.0,0.05,0.5
333,PARSLEY,FOOD,RAW,100,VEGLEAF,VEGTOT,135.0,15896.8,2.9,8.0,170.0,6.0,770.0,44.0,86.63,34.0,1.7,2.635,70.0,0.3,0.2,0.05,468.72,0.0,200.0,0.0,3.58,,0.11,1.5
334,"NETTLE, STINGING NETTLE",FOOD,RAW,100,VEGLEAF,VEGTOT,430.0,5442.0,3.5,6.6,194.0,1.0,660.0,87.0,3.06,1.2,0.8,1.401,140.0,0.15,10.0,0.2,100.181,0.0,64.4,0.0,1.64,270.0,0.27,1.5
335,ONION,FOOD,RAW,100,VEGONI,VEGTOT,33.0,23.1,0.5,1.7,13.5,1.0,220.0,11.0,9.43,3.7,0.116,0.4,40.0,0.02,0.5,0.03,0.57,0.0,10.2,0.0,0.04,0.7,0.13,0.4
336,"ONION, DRIED",FOOD,DRIE,100,VEGONI,VEGTOT,216.0,165.0,3.27,35.0,166.0,0.0,1440.0,72.0,170.46,66.9,0.829,2.9,262.0,0.15,3.571,0.23,4.091,0.0,40.0,0.0,0.286,5.0,1.94,2.618
337,LEEK,FOOD,RAW,100,VEGONI,VEGTOT,32.0,2935.4,0.6,2.1,56.0,1.0,320.0,15.0,16.56,6.5,0.6,0.901,50.0,0.02,0.4,0.15,83.37,0.0,25.0,0.0,0.34,54.0,0.25,0.4
338,RHUBARB,FOOD,RAW,100,VEGLEAF,VEGTOT,75.0,235.0,0.1,1.4,7.0,1.0,320.0,9.0,3.06,1.2,0.3,0.484,17.0,0.03,0.2,0.01,5.05,0.0,5.0,0.0,0.25,4.0,0.04,0.2
339,CELERY,FOOD,RAW,100,VEGLEAF,VEGTOT,45.0,10096.0,0.29,1.0,16.0,0.0,150.0,15.0,272.38,106.9,0.5,0.684,37.0,0.04,0.4,0.03,243.49,0.0,6.0,0.0,0.27,12.0,0.09,0.18
340,"ASPARAGUS, CANNED",FOOD,CANN,100,VEGCANN,VEGTOT,14.0,32.0,0.3,1.5,96.0,4.0,130.0,9.0,1146.6,450.0,0.954,1.305,30.0,0.17,1.0,0.16,2.656,0.0,33.0,0.0,0.3,,0.17,0.4
342,"MUSHROOM, BOLETUS, RUSSULA",FOOD,RAW,100,MUSHRO,VEGTOT,5.0,0.0,2.7,1.9,25.5,1.0,340.0,9.0,7.13,2.8,5.2,7.229,72.0,0.4,14.1,0.1,0.0,0.0,5.0,4.36,0.0,0.02,0.22,0.65
343,"MUSHROOM, MILK CAPS, SALTED",FOOD,SALT,100,MUSHRO,VEGTOT,5.0,0.0,2.7,1.5,21.0,3.0,340.0,9.0,2504.68,983.0,5.28,5.714,72.0,0.4,36.0,0.1,0.0,0.0,2.0,5.28,0.0,0.288,0.22,0.66
344,MUSHROOM IN VINEGAR,FOOD,CANN,100,MUSHRO,VEGTOT,4.8,0.0,2.565,2.4,18.68,2.83,323.0,8.55,2504.68,983.0,4.696,5.143,68.4,0.38,32.033,0.1,0.0,0.0,1.9,4.696,0.0,0.256,0.07,0.95
345,"CHAMPIGNON, FRESH",FOOD,RAW,100,MUSHRO,VEGTOT,1.9,0.0,0.37,1.5,35.0,1.0,364.0,10.0,8.15,3.2,5.5,6.051,98.0,0.42,11.0,0.1,0.0,0.06,1.3,0.21,0.0,0.3,0.18,0.51
346,CUCUMBER,FOOD,RAW,100,VEGFRU,VEGTOT,14.7,612.3,0.18,0.7,9.65,1.0,221.8,8.77,6.14,2.4,0.2,0.367,29.3,0.09,0.5,0.04,11.25,0.0,8.0,0.0,0.04,15.0,0.04,0.09
347,"CUCUMBER, PICKLED CUCUMBER, WITHOUT ADDED SUGAR",FOOD,CANN,100,VEGCANN,VEGTOT,15.0,551.1,0.5,1.1,8.0,1.0,140.0,9.0,1780.67,698.85,0.18,0.3,20.0,0.09,0.454,0.04,10.122,0.0,6.0,0.0,0.036,13.5,0.01,0.2
348,"PICKLED CUCUMBER, SWEET, FLAVOURED",FOOD,CANN,100,VEGCANN,VEGTOT,15.0,690.2,0.49,1.8,8.0,1.0,140.0,9.5,2318.68,910.0,0.169,0.3,19.0,0.09,0.448,0.04,14.93,0.0,8.0,0.0,0.034,12.675,0.01,0.18
350,PUMPKIN,FOOD,RAW,100,VEGFRU,VEGTOT,25.0,7260.0,0.27,2.0,22.0,1.0,243.0,11.2,5.1,2.0,0.2,0.35,19.0,0.09,0.0,0.04,367.69,0.0,8.0,0.0,1.06,1.1,0.05,0.04
351,"SALAD, PICKLED PUMPKIN",FOOD,CANN,100,VEGCANN,VEGTOT,20.0,3057.0,0.3,1.7,19.0,1.0,12.0,7.0,43.32,17.0,0.146,0.256,20.0,0.24,0.1,0.2,121.01,0.0,25.8,0.0,0.774,0.802,0.07,0.1
352,TOMATO,FOOD,RAW,100,VEGFRU,VEGTOT,8.64,4106.2,0.19,1.4,11.57,1.0,237.1,8.27,5.54,2.2,0.7,0.85,25.9,0.04,0.5,0.06,66.76,0.0,14.1,0.0,0.66,5.0,0.08,0.09
354,TOMATO PUREE,FOOD,CANN,100,VEGCANN,VEGTOT,11.3,23419.8,0.363,1.0,8.0,12.85,362.5,13.75,509.6,200.0,3.5,4.018,37.5,0.05,0.756,0.09,10.992,0.0,33.0,0.0,0.995,7.541,0.18,0.275
355,"SWEET PEPPER, AVERAGE",FOOD,RAW,100,VEGFRU,VEGTOT,8.6,5416.1,0.52,1.9,55.86,1.0,242.0,13.6,8.92,3.5,0.94,1.14,27.0,0.078,0.16,0.028,154.19,0.0,184.8,0.0,2.16,5.112,0.54,0.1
356,"MIXED VEGETABLES, CARROT, CAULIFLOWER, PEA, BEAN",FOOD,FROZ,100,ROOT,VEGTOT,13.0,5798.2,0.7,2.2,45.94,1.0,120.0,12.0,16.56,6.5,1.27,1.721,40.0,0.08,2.019,0.08,358.68,0.0,42.0,0.0,0.29,24.65,0.1,0.4
358,VEGETABLE JUICE,FOOD,MASH,100,VEGJUICE,VEGTOT,19.0,7716.2,0.0,0.0,13.97,1.0,100.0,4.0,917.28,360.0,0.75,0.884,12.0,0.06,0.348,0.06,420.44,0.0,32.0,0.0,0.51,12.0,0.17,0.1
359,CHINESE CABBAGE,FOOD,RAW,100,CABBAGE,VEGTOT,33.0,55.4,0.27,1.1,52.06,0.0,290.0,9.6,28.03,11.0,0.4,0.6,36.0,0.04,10.0,0.03,1.26,0.0,15.5,0.0,0.24,80.0,0.14,0.19
360,SWISS CHARD,FOOD,RAW,100,VEGLEAF,VEGTOT,88.0,3692.0,1.3,1.4,30.0,1.0,470.0,59.0,301.94,118.5,0.4,0.4,30.0,0.16,0.9,0.1,304.568,0.0,39.0,0.0,1.89,830.0,0.27,0.9
362,AUBERGINE,FOOD,RAW,100,VEGFRU,VEGTOT,7.0,31.0,0.27,2.5,18.0,0.0,217.0,14.0,5.1,2.0,0.58,0.9,22.0,0.03,0.0,0.04,2.573,0.0,5.0,0.0,0.09,6.0,0.1,0.0
363,SWEET CORN KERNELS,FOOD,RAW,100,VEGLEAF,VEGTOT,2.0,849.1,0.52,3.7,41.0,0.0,270.0,37.0,7.64,3.0,1.9,2.651,89.0,0.08,0.4,0.15,6.95,0.0,12.0,0.0,0.08,0.3,0.22,0.0
364,GARDEN CRESS,FOOD,RAW,100,VEGLEAF,VEGTOT,70.0,2600.0,1.0,3.3,30.0,0.0,150.0,40.0,35.67,14.0,1.0,1.0,35.0,0.19,0.9,0.15,215.8,0.0,59.0,0.0,0.7,250.0,0.1,0.7
367,CHANTERELLE,FOOD,RAW,100,MUSHRO,VEGTOT,3.6,1329.4,0.85,3.22,7.4,1.0,450.0,10.0,5.1,2.0,3.94,4.433,50.0,0.12,18.0,0.045,110.34,0.0,0.25,5.77,0.0,0.02,0.04,0.77
368,FALSE MOREL,FOOD,RAW,100,MUSHRO,VEGTOT,3.6,0.0,0.85,3.22,21.0,1.0,450.0,0.14,5.1,2.0,3.94,4.433,50.0,0.12,39.0,0.045,0.0,0.0,0.25,5.77,0.0,,0.22,0.73
369,"DILL, FRESH",FOOD,RAW,100,VEGLEAF,VEGTOT,208.0,11231.8,6.59,2.1,36.0,3.9,738.0,55.0,66.25,26.0,1.57,1.804,66.0,0.296,2.7,0.058,374.92,0.0,85.0,0.0,1.59,280.0,0.3,0.91
370,"PEA, GREEN",FOOD,RAW,100,PEABEAN,LEGUTOT,31.0,2134.8,2.0,3.1,58.97,1.0,370.0,40.0,5.1,2.0,2.5,3.385,130.0,0.046,0.6,0.25,31.13,0.0,20.0,0.0,0.03,28.0,0.16,1.3
371,"PEA, GREEN, DRIED",FOOD,DRIE,100,PEABEAN,LEGUTOT,64.0,7624.3,4.8,20.0,33.0,15.0,918.0,110.0,2.55,1.0,3.0,6.161,362.0,0.071,2.143,0.62,111.19,0.0,0.0,0.0,0.06,100.0,0.16,2.9
372,"BEAN, GREEN BEAN, STRING BEAN",FOOD,RAW,100,PEABEAN,LEGUTOT,48.0,657.2,0.7,2.4,80.0,1.0,320.0,22.0,5.1,2.0,0.7,1.151,40.0,0.057,2.5,0.11,16.23,0.0,20.0,0.0,0.13,47.0,0.1,0.4
373,"BEAN, COMMON BEAN, BROWN BEAN, WHITE BEAN, AVERAGE",FOOD,DRIE,100,PEABEAN,LEGUTOT,139.5,180.0,5.25,21.6,441.0,0.0,1285.0,157.5,12.74,5.0,2.0,6.008,422.5,0.2,21.3,0.55,14.94,0.0,0.0,0.0,0.34,13.0,0.47,0.0
375,"NUT, HAZELNUT",FOOD,RAW,100,NUTSEED,LEGUTOT,138.0,106.0,3.6,17.5,72.0,5.0,650.0,157.0,2.55,1.0,1.1,4.607,310.0,0.13,2.0,0.45,1.04,0.0,0.0,0.0,15.03,14.2,0.4,2.0
376,"NUT, WALNUT",FOOD,RAW,100,NUTSEED,LEGUTOT,140.0,21.0,3.6,6.7,66.0,5.0,650.0,160.0,2.55,1.0,1.2,4.507,310.0,0.13,19.0,0.5,1.0,0.0,3.0,0.0,0.7,13.0,0.73,2.0
377,CHESTNUT,FOOD,RAW,100,NUTSEED,LEGUTOT,140.0,18.0,3.6,6.8,62.0,5.0,650.0,33.0,1.53,0.6,0.5,1.001,310.0,0.22,0.0,0.26,1.49,0.0,30.0,0.0,0.5,,0.33,2.0
378,"NUT, PEANUT",FOOD,RAW,100,NUTSEED,LEGUTOT,78.0,15.9,2.9,8.5,110.0,5.0,670.0,180.0,2.55,1.0,13.8,17.975,330.0,0.12,3.0,0.9,0.17,0.0,0.0,0.0,10.89,0.3,0.13,3.1
379,ALMOND,FOOD,RAW,100,NUTSEED,LEGUTOT,276.0,4.0,5.2,12.5,48.0,5.0,740.0,278.0,2.55,1.0,4.0,7.958,490.0,0.7,4.0,0.25,0.25,0.0,0.5,0.0,26.44,0.3,0.06,3.3
380,"FLOUR, SOYA FLOUR, FULL FAT",FOOD,RAW,100,SOYAPROD,LEGUTOT,213.0,24.0,6.9,11.9,345.0,5.0,1660.0,240.0,22.93,9.0,2.0,10.016,600.0,0.28,9.0,0.75,1.99,0.0,0.0,0.0,1.5,70.0,0.57,3.9
381,"FLOUR, SOYA FLOUR, LOW-FAT",FOOD,RAW,100,SOYAPROD,LEGUTOT,240.0,24.0,9.1,14.4,410.0,5.0,2030.0,290.0,35.67,14.0,2.4,13.806,640.0,0.29,11.0,0.9,1.99,0.0,0.0,0.0,0.19,4.1,0.67,3.2
382,COCONUT FLAKE,FOOD,DRIE,100,NUTSEED,LEGUTOT,20.0,0.0,3.0,16.3,9.0,2.0,600.0,70.0,94.28,37.0,0.6,1.619,150.0,0.03,1.0,0.04,0.0,0.0,0.0,0.0,1.21,,0.04,0.9
383,"NUT, PEANUT, SALT",FOOD,BAK,100,NUTSEED,LEGUTOT,74.3,15.4,2.1,8.5,52.0,0.0,674.0,180.0,1974.62,774.97,12.2,16.392,401.0,0.13,2.92,0.32,0.16,0.0,0.0,0.0,10.624,0.39,0.76,0.0
384,"BEANSPROUTS AND ALFALFA SPROUTS, AVERAGE",FOOD,RAW,100,VEGLEAF,VEGTOT,20.0,38.0,1.6,1.5,48.5,0.0,79.0,27.0,15.29,6.0,0.5,1.118,62.0,0.19,1.0,0.2,3.15,0.0,32.1,0.0,0.06,147.0,0.06,0.9
385,"SESAME SEED, WITH HULL",FOOD,DRIE,100,NUTSEED,LEGUTOT,960.2,5.0,9.072,12.3,97.0,0.0,825.0,110.0,66.25,26.0,4.515,10.727,715.0,0.18,49.1,1.47,0.41,0.0,0.0,0.0,0.0,14.0,0.79,6.27
386,"SWEET PEPPER, RED",FOOD,RAW,100,VEGFRU,VEGTOT,9.0,6196.2,0.6,1.9,55.86,1.0,290.0,14.0,8.92,3.5,1.3,1.5,30.0,0.12,0.2,0.04,243.81,0.0,184.8,0.0,2.16,4.6,0.45,0.1
387,"SWEET PEPPER, GREEN",FOOD,RAW,100,VEGFRU,VEGTOT,8.0,4192.7,0.4,1.9,55.86,1.0,120.0,10.0,10.19,4.0,0.1,0.3,19.0,0.01,0.0,0.01,20.73,0.0,120.0,0.0,2.16,9.4,0.27,0.1
388,"SWEET PEPPER, YELLOW",FOOD,RAW,100,VEGFRU,VEGTOT,8.0,4299.4,0.4,2.0,55.86,1.0,220.0,16.0,10.19,4.0,0.7,0.9,26.0,0.02,0.2,0.01,18.77,0.0,204.9,0.0,2.16,2.36,0.54,0.1
389,"ZUCCHINI, SUMMER SQUASH",FOOD,RAW,100,VEGFRU,VEGTOT,15.0,612.0,0.8,0.7,52.0,1.0,360.0,22.0,6.14,2.4,0.2,0.367,45.0,0.02,0.5,0.12,3.32,0.0,21.0,0.0,0.04,3.0,0.1,0.3
390,"TOMATO JUICE, UNSWEETENED",FOOD,MASH,100,VEGJUICE,VEGTOT,8.64,9539.3,0.19,1.4,11.57,1.0,237.1,8.27,917.28,360.0,0.7,0.85,25.9,0.04,0.5,0.06,29.56,0.0,14.1,0.0,0.66,4.0,0.08,0.09
391,"SOYA BEANS, DRIED",FOOD,DRIE,100,PEABEAN,LEGUTOT,163.0,13.0,8.4,15.7,370.0,6.0,1730.0,225.0,12.74,5.0,2.2,9.715,467.0,0.31,19.0,1.1,1.079,0.0,0.0,0.0,0.85,47.0,0.46,1.0
392,CHIVES,FOOD,RAW,100,VEGLEAF,VEGTOT,78.0,2935.0,0.4,2.7,105.0,1.0,400.0,18.0,6.12,2.4,0.7,1.284,49.0,0.2,10.0,0.07,216.796,0.0,41.0,0.0,0.21,212.7,0.22,0.13
393,GARLIC,FOOD,RAW,100,VEGONI,VEGTOT,18.0,21.2,1.5,2.1,4.0,2.7,620.0,8.0,0.0,0.0,0.3,2.204,153.0,0.03,2.0,0.13,0.415,0.0,17.0,0.0,0.08,1.7,1.24,0.9
394,"SALAD, SWEET PICKLE RELISH",FOOD,CANN,100,VEGCANN,VEGTOT,11.58,399.0,0.133,0.421,6.0,41.32,127.96,5.614,1581.84,620.82,0.124,0.221,17.9,0.051,0.375,0.0227,8.631,0.0,6.35,0.0,0.044,8.303,0.03,0.057
395,"BEAN, WHITE BEAN, BOILED",FOOD,BOIL,100,PEABEAN,LEGUTOT,81.66,555.0,1.89,7.0,117.31,0.0,365.0,48.91,12.74,5.0,0.7,2.37,147.9,0.05,0.39,0.12,39.96,0.0,0.0,0.0,0.129,27.0,0.18,0.81
398,"TOMATOES, CRUSHED, CANNED",FOOD,CANN,100,VEGCANN,VEGTOT,8.64,9755.0,0.19,1.9,14.52,1.0,237.1,8.27,99.37,39.0,0.7,0.85,25.9,0.04,0.5,0.06,30.18,0.0,14.1,0.0,0.66,5.0,0.08,0.09
399,"LENTILS, GREEN/BROWN, DRIED",FOOD,DRIE,100,PEABEAN,LEGUTOT,71.0,23.0,11.1,8.9,110.0,,940.0,110.0,30.58,12.0,2.2,5.891,350.0,0.27,11.0,0.41,1.91,0.0,0.0,0.0,0.49,22.0,0.56,3.9
401,"APPLE, DRIED",FOOD,DRIE,100,APPLE,FRUITTOT,38.0,262.0,1.1,8.7,0.0,0.0,750.0,32.0,15.54,6.1,0.6,0.8,54.0,0.159,0.278,0.0,1.0,0.0,3.9,0.0,0.53,11.111,0.18,0.17
408,"APRICOT, CANNED, IN SYRUP",FOOD,CANN,100,FRUITCAN,FRUITTOT,31.0,698.8,0.43,1.3,2.0,1.0,160.0,8.8,18.35,7.2,0.3,0.36,11.0,0.02,0.2,0.02,51.96,0.0,4.0,0.0,0.576,3.0,0.06,0.33
409,"APRICOT, DRIED",FOOD,DRIE,100,APPLE,FRUITTOT,98.3,3575.9,1.363,7.3,14.0,0.0,507.2,27.9,42.55,16.7,2.8,3.034,34.9,0.1,0.5,0.01,230.69,0.0,1.0,0.0,6.24,11.379,0.17,1.046
411,"PEACH, CANNED, IN SYRUP",FOOD,CANN,100,FRUITCAN,FRUITTOT,2.0,210.0,0.3,0.8,7.0,1.0,100.0,6.0,3.82,1.5,0.6,0.633,10.0,0.02,0.45,0.01,11.72,0.0,3.0,0.0,1.95,0.75,0.02,0.3
412,"PEACH, DRIED",FOOD,DRIE,100,APPLE,FRUITTOT,62.0,890.6,3.5,11.6,14.0,0.0,1229.0,50.0,34.91,13.7,1.3,1.684,151.0,0.212,0.5,0.002,54.536,0.0,4.8,0.0,5.647,8.824,0.17,0.1
417,"PINEAPPLE, CANNED, IN SYRUP",FOOD,CANN,100,FRUITCAN,FRUITTOT,20.0,21.5,0.3,1.2,1.0,1.0,120.0,17.0,5.35,2.1,0.284,0.367,17.0,0.02,0.0,0.07,1.58,0.0,9.0,0.0,0.04,0.1,0.08,0.1
423,"GRAPE, AVERAGE, GREEN OR RED, SEEDLESS",FOOD,RAW,100,FRUITOTH,FRUITTOT,9.58,104.9,1.0,1.1,2.0,1.0,201.8,7.2,12.74,5.0,0.188,0.372,23.9,0.04,0.5,0.05,2.7,0.0,4.8,0.0,0.63,19.0,0.04,0.07
427,"MIXED FRUIT, DRIED",FOOD,DRIE,100,FRUITOTH,FRUITTOT,59.0,1325.0,1.7,8.23,15.0,0.0,790.0,48.0,23.95,9.4,1.901,1.733,74.0,0.1,0.456,0.05,79.01,0.0,5.0,0.0,2.858,35.386,0.27,2.3
428,RAISIN,FOOD,DRIE,100,FRUITOTH,FRUITTOT,54.0,0.0,2.4,9.7,10.0,3.0,650.0,30.0,14.01,5.5,0.6,0.684,90.0,0.12,1.852,0.16,0.0,0.0,0.5,0.0,0.32,3.7,0.23,0.3
431,"OLIVE, AVERAGE, WITH STONE, IN OIL, GREEN/BLACK",FOOD,CANN,80,FRUITOTH,FRUITTOT,48.8,646.2,0.8,3.52,0.0,,72.8,17.6,4892.16,1920.0,0.0,0.347,13.6,0.0,0.9,0.0,18.904,0.0,0.0,0.0,1.32,1.12,0.01,0.176
432,"FRUIT COCKTAIL, IN SYRUP",FOOD,CANN,100,FRUITCAN,FRUITTOT,7.3,309.8,0.41,1.1,5.0,3.0,89.0,6.7,10.45,4.1,0.374,0.436,12.0,0.06,0.217,0.06,21.73,0.0,18.0,0.0,0.85,0.8,0.04,0.38
433,"APPLE JUICE, UNSWEETENED, VITAMIN C",FOOD,MASH,100,JUICE,FRUITTOT,9.0,16.0,0.1,0.0,4.0,1.0,110.0,5.0,9.17,3.6,3.2,3.544,6.0,0.03,0.2,0.04,0.0,0.0,30.0,0.0,0.0,0.1,0.06,0.04
434,"ORANGE JUICE, UNSWEETENED, VITAMIN C",FOOD,MASH,100,JUICE,FRUITTOT,10.0,42.1,0.1,0.0,25.0,1.0,190.0,9.0,9.68,3.8,0.4,0.534,16.0,0.02,0.05,0.07,0.75,0.0,36.0,0.0,0.16,0.2,0.08,0.04
435,"GRAPEFRUIT JUICE, UNSWEETENED, VITAMIN C",FOOD,MASH,100,JUICE,FRUITTOT,9.9,23.1,0.13,0.0,6.0,1.0,190.0,10.0,35.67,14.0,0.269,0.386,16.0,0.02,0.1,0.03,0.66,0.0,34.0,0.0,0.32,0.2,0.01,0.04
436,"FRUIT JUICE, UNSWEETENED, VITAMIN C, AVERAGE",FOOD,MIX,100,JUICE,FRUITTOT,9.65,32.8,0.1,0.0,17.65,1.0,162.0,7.6,9.5,3.73,1.38,1.587,12.5,0.023,0.102,0.0595,0.47,0.0,33.9,0.0,0.104,0.165,0.07,0.04
437,"LEMON JUICE, UNSWEETENED, DILUTED",FOOD,MASH,100,JUICE,FRUITTOT,5.0,7.8,0.05,0.0,6.5,0.5,65.0,3.5,2.55,1.0,0.05,0.05,4.0,0.0,0.525,0.05,0.14,0.0,22.0,0.0,0.1,0.1,0.06,0.0
438,"PINEAPPLE JUICE, UNSWEETENED, VITAMIN C",FOOD,MASH,100,JUICE,FRUITTOT,20.0,60.0,0.3,0.0,8.0,1.0,120.0,17.0,10.45,4.1,0.489,0.589,20.0,0.02,0.6,0.05,4.98,0.0,30.0,0.0,0.02,0.2,0.08,0.1
440,"LINGONBERRY, COWBERRY",FOOD,RAW,100,BERRY,FRUITTOT,22.0,31.3,0.4,2.6,19.6,1.0,80.0,9.0,5.1,2.0,0.5,0.634,17.0,0.005,0.1,0.063,0.76,0.0,10.7,0.0,1.53,9.0,0.01,0.2
441,CRANBERRY,FOOD,RAW,100,BERRY,FRUITTOT,9.7,50.0,0.11,3.5,2.0,1.0,69.0,5.8,1.02,0.4,0.1,0.234,7.5,0.07,10.0,0.05,1.79,0.0,20.1,0.0,0.94,9.0,0.06,0.1
442,"BLUEBERRY, BILBERRY",FOOD,RAW,100,BERRY,FRUITTOT,19.0,310.5,0.6,3.3,11.2,1.0,110.0,9.0,5.1,2.0,0.4,0.567,20.0,0.014,0.1,0.133,3.92,0.0,7.16,0.0,1.85,9.0,0.06,0.15
444,BLACKCURRANT,FOOD,RAW,100,BERRY,FRUITTOT,72.0,542.2,1.2,5.8,14.2,1.0,340.0,24.0,5.1,2.0,0.3,0.517,58.0,0.017,0.1,0.042,8.2,0.0,128.0,0.0,2.23,30.0,0.08,0.31
445,REDCURRANT,FOOD,RAW,100,BERRY,FRUITTOT,40.0,71.5,0.79,5.0,12.0,1.0,310.0,14.0,1.53,0.6,0.3,0.55,47.0,0.07,0.1,0.05,2.05,0.0,30.0,0.0,0.82,11.0,0.04,0.2
446,GOOSEBERRY,FOOD,RAW,100,BERRY,FRUITTOT,29.0,263.5,0.4,3.4,8.0,1.0,200.0,10.0,0.51,0.2,0.3,0.45,25.0,0.07,0.1,0.05,7.287,0.0,30.0,0.0,0.73,15.0,0.02,0.1
447,STRAWBERRY,FOOD,RAW,100,BERRY,FRUITTOT,21.0,44.5,0.5,1.9,29.9,1.0,190.0,15.0,5.1,2.0,0.6,0.717,30.0,0.023,0.102,0.034,0.95,0.0,45.6,0.0,0.56,5.5,0.06,0.1
448,RASPBERRY,FOOD,RAW,100,BERRY,FRUITTOT,35.0,95.9,1.1,3.7,37.7,1.0,220.0,25.0,5.1,2.0,0.5,0.717,37.0,0.024,0.1,0.029,1.09,0.0,20.5,0.0,0.88,10.2,0.09,0.4
449,CLOUDBERRY,FOOD,RAW,100,BERRY,FRUITTOT,16.0,240.9,0.7,6.3,37.9,1.0,170.0,29.0,5.1,2.0,0.5,0.801,36.0,0.023,0.1,0.072,14.43,0.0,61.6,0.0,2.95,9.0,0.09,0.6
451,"BERRY JUICE, SWEETENED, UNDILUTED, HOME-MADE",FOOD,BOIL,100,FBDRINK,FRUITTOT,28.2,145.8,0.528,0.0,5.0,0.0,163.5,9.55,1.78,0.7,0.15,0.253,26.3,0.02,0.3,0.01,2.43,0.0,2.0,0.0,0.0,10.25,1.22,0.0
452,"BLACKCURRANT JUICE, SWEETENED, UNDILUTED, HOME-MADE",FOOD,BOIL,100,FBDRINK,FRUITTOT,36.2,257.5,0.63,0.0,5.0,0.0,171.0,12.05,61.15,24.0,0.15,0.247,29.1,0.02,0.3,0.01,3.9,0.0,30.0,0.0,0.01,15.0,1.22,0.0
453,"BERRY JUICE, UNSWEETENED, UNDILUTED, HOME-MADE",FOOD,BOIL,100,FBDRINK,FRUITTOT,29.5,145.8,0.498,0.0,5.0,0.0,162.5,9.5,2.93,1.15,0.15,0.253,26.3,0.02,0.075,0.01,2.43,0.0,2.0,0.0,0.724,10.25,1.22,0.0
454,"BERRY, AVERAGE",FOOD,RAW,100,BERRY,FRUITTOT,37.0,164.9,0.9,3.5,20.38,1.0,234.0,18.0,1.27,0.5,0.46,0.624,40.0,0.07,0.101,0.04,2.708,0.0,44.0,0.0,1.226,11.785,0.07,0.3
455,SEA BUCKTHORN BERRY,FOOD,RAW,100,BERRY,FRUITTOT,4.6,860.0,0.14,3.6,10.0,0.0,160.0,4.7,5.61,2.2,0.26,0.26,20.0,0.07,10.0,0.18,71.38,0.0,140.0,0.0,3.05,13.5,0.13,0.13
457,"ROWANBERRY, SORBUS",FOOD,RAW,100,BERRY,FRUITTOT,53.0,105.0,0.53,6.5,10.0,1.0,260.0,26.0,3.06,1.2,0.5,0.634,38.0,0.005,10.0,0.063,8.134,0.0,59.7,0.0,0.489,9.0,0.07,0.19
458,"JUICE DRINK, BLACKCURRANT-LINGONBERRY, CONTAINS SUGAR",FOOD,MASH,100,FBDRINK,FRUITTOT,9.0,19.7,0.4,0.0,5.0,0.0,135.0,7.0,2.55,1.0,0.029,0.04,10.0,0.02,0.09,0.4,0.31,0.0,2.0,0.0,0.131,1.415,0.08,0.04
459,"JUICE DRINK, LINGONBERRY, UNDILUTED, CONTAINS SUGAR",FOOD,MASH,100,FBDRINK,FRUITTOT,9.0,9.4,0.4,0.0,0.0,0.0,135.0,7.0,3.08,1.21,0.15,0.19,10.0,0.02,0.11,0.4,0.23,0.0,2.0,0.0,0.459,2.7,0.08,0.04
461,"BERRY JUICE, SWEETENED, DILUTED, HOME-MADE",FOOD,BOIL,100,FBDRINK,FRUITTOT,8.04,29.2,0.106,0.0,1.0,0.0,32.7,1.91,2.4,0.94,0.03,0.04,2.0,0.003,0.1,0.0015,0.49,0.0,0.26,0.0,0.0,2.05,0.24,0.0
462,"BLACKCURRANT JUICE, SWEETENED, DILUTED, HOME-MADE",FOOD,BOIL,100,FBDRINK,FRUITTOT,9.64,51.5,0.126,0.0,1.0,0.0,34.2,2.41,14.27,5.6,0.03,0.04,2.0,0.003,0.1,0.0015,0.78,0.0,3.9,0.0,0.002,3.0,0.24,0.0
463,"BERRY JUICE, UNSWEETENED, DILUTED, HOME-MADE",FOOD,BOIL,100,FBDRINK,FRUITTOT,8.3,29.2,0.1,0.0,1.0,0.0,32.5,1.9,2.63,1.03,0.03,0.04,5.3,0.003,0.055,0.0015,0.49,0.0,0.26,0.0,0.145,2.05,0.24,0.0
469,"FRUIT JUICE, FIVE FRUITS, UNSWEETENED, VITAMIN C",FOOD,MASH,100,JUICE,FRUITTOT,9.0,43.5,0.4,0.0,21.8,1.0,135.0,7.0,4.33,1.7,0.502,0.639,10.0,0.02,0.098,0.07,0.964,0.0,31.0,0.0,0.173,0.196,0.07,0.04
471,"PINEAPPLE, CANNED, IN OWN JUICE",FOOD,CANN,100,FRUITCAN,FRUITTOT,9.77,60.0,1.0,1.4,9.15,1.0,104.0,12.4,12.74,5.0,0.284,0.368,6.8,0.01,0.5,0.09,4.98,0.0,7.5,0.0,0.02,0.2,0.09,0.11
472,"APPLESAUCE, UNSWEETENED",FOOD,MASH,100,FRUITCAN,FRUITTOT,4.0,39.0,0.08,1.8,1.0,1.15,100.0,4.0,2.34,0.92,0.1,0.15,9.0,0.015,0.05,0.016,3.69,0.0,9.0,0.0,0.24,3.0,0.05,0.016
473,"FRUIT NECTAR, BERRY NECTAR, SWEETENED, 50% FRUIT",FOOD,MASH,100,FBDRINK,FRUITTOT,6.53,27.0,0.148,0.301,5.41,0.8,84.45,4.916,6.86,2.69,0.474,0.561,7.7,0.016,0.466,0.0243,1.08,0.0,12.97,0.0,0.153,1.365,0.04,0.033
474,"BERRY JUICE, UNSWEETENED",FOOD,MASH,100,JUICE,FRUITTOT,31.9,134.9,0.765,0.0,17.32,0.85,198.9,15.3,1.46,0.58,0.391,0.53,34.0,0.06,0.093,0.034,2.21,0.0,37.4,0.0,1.011,10.017,0.06,0.255
477,"MUSKMELON/CANTALOUPE MELON, WITHOUT SKIN",FOOD,RAW,100,FRUITOTH,FRUITTOT,20.0,105.0,0.3,0.9,5.0,4.0,210.0,11.0,20.38,8.0,0.6,0.633,13.0,0.02,0.4,0.04,3.69,0.0,26.0,0.0,0.05,1.0,0.06,0.0
478,"BERRY NECTAR DRINK, SWEETENED, CONTAINS 50% BERRIES",FOOD,BOIL,100,FBDRINK,FRUITTOT,24.1,139.3,0.44,1.925,11.02,1.75,133.0,9.775,3.25,1.28,0.225,0.309,22.0,0.01,0.188,0.019,2.17,0.0,43.4,0.0,0.663,8.875,0.03,0.105
11001,"(ARC)ROOT VEGETABLE, AVERAGE, LIGHT COLORED",FOOD,RAW,100,ROOT,VEGTOT,23.38,46.4,0.395,1.875,34.89,0.93,387.5,16.2,10.38,4.08,0.855,1.107,39.6,0.043,5.271,0.1192,0.334,0.0,27.05,0.0,0.021,1.442,0.11,0.207
11002,"(ARC)LEAF VEGETABLE, AVERAGE, DARK GREEN",FOOD,RAW,100,VEGLEAF,VEGTOT,72.5,5233.4,1.25,1.45,122.63,1.0,490.0,36.5,56.05,22.0,0.8,1.184,37.0,0.155,5.1,0.085,178.41,0.0,32.25,0.0,0.925,192.5,0.14,0.475
11005,4-GRAIN FLAKES,FOOD,RAW,100,WHEAT,CERTOT,30.0,195.8,4.1,11.5,39.82,20.0,396.0,109.0,12.74,5.0,2.675,5.18,327.8,0.1,8.765,0.24,0.22,0.0,0.0,0.0,0.42,3.2,0.33,2.875
11007,ROSE HIP,FOOD,RAW,100,BERRY,FRUITTOT,130.0,6300.0,0.33,8.3,52.0,1.0,360.0,29.0,3.06,1.2,0.5,0.533,46.0,0.07,10.0,0.06,522.9,0.0,601.0,0.0,7.1,25.9,0.05,0.33
11030,"FLOUR, RYE, FINE RYE FLOUR",FOOD,RAW,100,RYE,CERTOT,22.0,209.2,2.2,9.4,38.0,10.0,290.0,56.0,8.92,3.5,0.4,2.237,190.0,0.2,1.0,0.3,0.51,0.0,0.0,0.0,0.55,5.619,0.17,1.9
11045,ORANGE WITHOUT SKIN,FOOD,RAW,100,CITRUS,FRUITTOT,54.0,166.8,0.17,2.1,26.47,0.5,150.0,13.0,4.08,1.6,0.4,0.534,23.0,0.035,0.05,0.085,7.38,0.0,51.0,0.0,0.36,0.1,0.09,0.11
11046,"MANDARIN, AVERAGE, WITHOUT SKIN",FOOD,RAW,100,CITRUS,FRUITTOT,37.0,484.4,0.2,1.9,21.0,1.0,150.0,13.0,4.08,1.6,0.4,0.534,16.0,0.04,0.05,0.08,20.84,0.0,41.0,0.0,0.32,0.1,0.09,0.1
11047,"GRAPEFRUIT, WITHOUT SKIN",FOOD,RAW,100,CITRUS,FRUITTOT,33.0,23.1,0.1,1.4,26.0,1.0,160.0,11.0,5.1,2.0,0.269,0.386,20.0,0.035,0.1,0.05,0.66,0.0,33.0,0.0,0.32,0.02,0.04,0.1
11048,"LEMON, WITHOUT SKIN",FOOD,RAW,100,CITRUS,FRUITTOT,33.0,15.7,0.4,2.8,11.0,1.0,160.0,11.0,7.64,3.0,0.2,0.3,20.0,0.02,0.4,0.05,0.28,0.0,51.0,0.0,0.2,0.2,0.06,0.1
11049,"BANANA, WITHOUT SKIN",FOOD,RAW,100,FRUITOTH,FRUITTOT,6.2,29.7,1.0,1.8,12.54,1.0,358.4,31.32,12.74,5.0,0.7,0.917,24.9,0.06,0.32,0.04,1.68,0.0,10.0,0.0,0.21,0.5,0.5,0.19
11050,"KIWI FRUIT, WITHOUT SKIN",FOOD,RAW,100,FRUITOTH,FRUITTOT,32.17,226.8,1.0,2.7,42.0,0.0,289.7,13.46,12.74,5.0,0.3,0.601,26.9,0.05,0.5,0.006,3.68,0.0,67.0,0.0,0.043,34.3,0.12,0.09
11051,"PEACH/NECTARINE, WITHOUT SKIN AND STONE",FOOD,RAW,100,APPLE,FRUITTOT,8.0,151.4,0.5,2.1,3.0,1.0,200.0,11.0,2.55,1.0,0.6,0.684,20.0,0.06,0.4,0.02,9.27,0.0,6.6,0.0,0.96,1.5,0.03,0.1
11052,CHERRY WITHOUT STONE,FOOD,RAW,100,FRUITOTH,FRUITTOT,18.0,69.0,0.3,1.5,5.0,0.2,174.5,8.5,5.1,2.0,0.2,0.317,16.0,0.07,0.1,0.05,5.73,0.0,10.0,0.0,0.07,1.5,0.04,0.1
11053,"PLUM, WITHOUT STONE",FOOD,RAW,100,APPLE,FRUITTOT,16.0,677.3,0.3,1.7,3.0,1.0,220.0,10.0,7.64,3.0,0.4,0.47,20.0,0.12,0.11,0.02,36.02,0.0,5.0,0.0,0.85,12.0,0.04,0.1
11054,"APRICOT, AVERAGE, WITHOUT STONE",FOOD,RAW,100,APPLE,FRUITTOT,31.0,1037.0,0.43,1.9,5.0,1.0,160.0,8.8,5.1,2.0,0.5,0.65,11.0,0.05,1.0,0.04,66.9,0.0,10.0,0.0,0.96,3.3,0.05,0.33
11055,"WATERMELON, WITHOUT SKIN",FOOD,RAW,100,FRUITOTH,FRUITTOT,7.0,4861.8,0.5,1.1,2.0,1.0,100.0,8.0,5.1,2.0,0.2,0.233,10.0,0.02,0.1,0.03,23.44,0.0,11.0,0.0,0.05,0.2,0.14,0.1
11056,"PINEAPPLE, WITHOUT SKIN",FOOD,RAW,100,FRUITOTH,FRUITTOT,12.0,60.0,0.2,1.4,5.0,1.4,174.0,14.0,10.19,4.0,0.489,0.589,8.0,0.02,0.6,0.08,4.98,0.0,30.6,0.0,0.02,0.2,0.09,0.082
11057,"AVOCADO, WITHOUT SKIN AND STONE",FOOD,RAW,100,FRUITOTH,FRUITTOT,15.0,406.5,0.5,6.7,11.0,1.0,400.0,29.0,15.29,6.0,1.1,1.518,31.0,0.16,0.4,0.07,5.16,0.0,10.2,0.0,2.07,20.0,0.42,0.0
11060,"APPLE, DOMESTIC, WITHOUT SKIN",FOOD,RAW,100,APPLE,FRUITTOT,5.0,70.8,0.1,1.8,2.89,1.15,108.0,4.5,2.34,0.92,0.1,0.2,9.0,0.015,0.05,0.016,1.419,0.0,8.0,0.0,0.24,2.0,0.06,0.022
11061,"APPLE, IMPORTED, WITHOUT SKIN",FOOD,RAW,100,APPLE,FRUITTOT,4.0,91.8,0.08,1.8,2.89,1.15,120.0,4.0,2.34,0.92,0.1,0.15,9.0,0.015,0.05,0.016,3.69,0.0,4.0,0.0,0.24,2.0,0.05,0.016
11062,"PEAR, WITHOUT SKIN",FOOD,RAW,100,APPLE,FRUITTOT,11.0,131.8,0.2,3.9,2.0,1.0,150.0,7.0,3.47,1.36,0.3,0.35,13.0,0.03,1.0,0.01,1.64,0.0,6.0,0.0,0.06,2.0,0.02,0.1
11063,"PRUNE, WITHOUT STONE",FOOD,DRIE,100,APPLE,FRUITTOT,67.0,391.9,2.0,8.6,3.0,3.0,890.0,52.0,5.1,2.0,1.882,2.299,90.0,0.186,0.5,0.051,17.06,0.0,0.0,0.0,1.76,59.5,0.25,0.5
11064,"CHAMPIGNON, CANNED",FOOD,CANN,100,MUSHRO,VEGTOT,18.0,0.0,0.84,2.4,12.0,25.98,190.0,8.0,1324.96,520.0,5.39,5.858,76.0,0.25,2.9,0.02,0.0,0.0,1.0,0.206,0.0,0.294,0.07,0.501
11065,"ROSE HIP PUREE, WITHOUT SUGAR",FOOD,MASH,100,FRUITCAN,FRUITTOT,98.0,1200.0,0.22,4.1,52.0,1.0,230.0,31.0,3.31,1.3,0.5,0.533,21.0,0.07,10.0,0.06,99.6,0.0,45.2,0.0,1.6,25.9,0.01,0.06
11071,"EXOTIC FRUIT, AVERAGE, MANGO/PAPAYA, WITHOUT SKIN",FOOD,RAW,100,FRUITOTH,FRUITTOT,10.0,695.0,0.746,2.1,3.0,1.0,235.0,20.0,2.55,1.0,0.6,0.684,30.0,0.072,0.4,0.033,9.27,0.0,29.0,0.0,0.96,1.5,0.03,0.035
11072,SOURED CUCUMBER,FOOD,SOUR,100,VEGCANN,VEGTOT,20.34,551.1,0.173,0.63,8.68,1.05,200.7,12.089,2963.93,1163.24,0.18,0.33,28.5,0.081,0.453,0.036,10.125,0.0,7.2,0.0,0.036,13.5,0.04,0.083
11074,"SPROUT, ALFALFA",FOOD,RAW,100,VEGLEAF,VEGTOT,32.0,96.0,0.96,3.0,36.0,,79.0,27.0,15.29,6.0,0.481,1.082,70.0,0.126,1.0,0.08,7.97,0.0,8.2,0.0,0.02,30.5,0.03,0.92
11086,"NUT, CASHEW NUT",FOOD,RAW,100,NUTSEED,LEGUTOT,45.0,22.0,6.0,3.5,69.2,10.0,565.0,260.0,25.48,10.0,1.2,5.993,490.0,0.2,11.0,0.2,0.0,0.0,0.0,0.0,0.9,7.0,0.4,5.6
11089,CHICK PEA IN UNSALTED WATER,FOOD,BOIL,100,PEABEAN,LEGUTOT,49.0,18.0,2.9,5.0,172.0,,290.0,48.0,12.74,5.0,0.526,1.945,168.0,0.06,5.0,0.12,1.49,0.0,1.0,0.0,0.11,21.0,0.14,1.5
11090,"BEAN, WHITE BEAN, IN TOMATO SAUCE",FOOD,CANN,100,LEGUPROD,LEGUTOT,32.0,3572.6,1.3,5.0,65.0,1.93,265.0,31.0,1121.12,440.0,0.4,2.013,191.0,0.07,8.231,0.14,6.62,0.0,3.0,0.0,0.6,6.071,0.15,0.3
11134,"BASIL, FRESH",FOOD,RAW,100,VEGLEAF,VEGTOT,250.0,8838.0,5.5,1.6,64.0,,300.0,11.0,22.93,9.0,1.1,1.751,37.0,0.31,0.4,0.08,262.69,0.0,26.0,0.0,0.8,414.8,0.13,0.7
11135,"BAMBOO SHOOTS, CANNED",FOOD,CANN,100,VEGCANN,VEGTOT,13.0,8.0,0.4,1.4,36.0,,530.0,3.0,10.19,4.0,0.5,0.5,39.0,0.06,1.0,0.09,0.66,0.0,0.0,0.0,0.63,0.0,0.14,1.1
11203,"HONEYDEW MELON, WITHOUT SKIN",FOOD,RAW,100,FRUITOTH,FRUITTOT,9.0,57.0,0.1,0.8,2.0,,210.0,10.0,81.54,32.0,0.3,0.35,16.0,0.01,0.0,0.03,2.49,0.0,9.0,0.0,0.02,0.4,0.06,0.0
11212,SUNFLOWER SEED,FOOD,DRIE,100,NUTSEED,LEGUTOT,91.6,30.0,5.72,6.0,60.0,,898.0,419.0,2.55,1.0,4.5,10.3,947.0,0.25,15.42,2.3,2.49,0.0,0.0,0.0,40.0,2.7,0.77,7.01
11503,"GRAPE JUICE, UNSWEETENED",FOOD,MASH,100,JUICE,FRUITTOT,9.58,104.9,1.0,0.0,2.0,1.0,201.8,7.2,12.74,5.0,0.188,0.238,23.9,0.04,0.5,0.05,2.7,0.0,30.0,0.0,0.63,0.2,0.04,0.07
11505,BANANA CHIP,FOOD,DRIE,100,FRUITOTH,FRUITTOT,7.43,25.5,0.929,3.0,10.75,1.0,313.53,27.816,14.56,5.71,0.6,0.786,21.4,0.052,0.306,0.0343,1.444,0.0,8.57,0.0,4.475,31.114,0.32,0.163
11521,"RICE, WHITE, LONG-GRAIN, PARBOILED",FOOD,RAW,100,RICE,CERTOT,10.0,0.0,1.2,1.7,13.0,,230.0,90.0,12.74,5.0,5.137,6.456,260.0,0.07,2.0,0.4,0.0,0.0,0.0,0.0,0.03,0.16,0.07,2.0
11522,"RYE AND RICE MIX, CRASHED RYE GRAIN",FOOD,RAW,100,CEROTH,CERTOT,16.0,54.9,1.65,5.8,19.75,1.25,285.0,93.25,10.19,4.0,3.903,5.38,269.5,0.078,2.725,0.37,0.13,0.0,0.0,0.0,0.277,1.595,0.12,2.175
11557,"LEMON JUICE, UNSWEETENED, UNDILUTED",FOOD,MASH,100,JUICE,FRUITTOT,7.0,15.7,0.1,0.1,13.0,1.0,130.0,7.0,2.55,1.0,0.1,0.1,8.0,0.01,1.0,0.03,1.0,0.0,36.0,0.0,0.2,0.2,0.05,0.0
11589,HORSERADISH,FOOD,RAW,100,ROOT,VEGTOT,120.0,0.0,2.0,7.5,40.8,0.0,580.0,36.0,20.38,8.0,0.5,1.2,70.0,0.066,0.0,0.082,0.0,0.0,166.0,0.0,0.0,,0.18,1.4
11680,"POTATO, PEELED, VACUUM PACKED, CATERING",FOOD,RAW,100,POTATO,POTATOT,5.6,67.9,0.67,1.0,23.18,1.0,500.0,24.0,2.55,1.0,0.6,0.917,45.0,0.03,0.637,0.21,0.64,0.0,10.0,0.0,0.05,1.04,0.12,0.31
11689,"ASPARAGUS, RAW, CLEANED",FOOD,RAW,100,VEGLEAF,VEGTOT,27.0,315.0,0.7,3.5,175.0,,260.0,13.0,2.55,1.0,1.0,1.25,72.0,0.06,0.2,0.16,41.42,0.0,12.0,0.0,1.13,40.0,0.06,0.7
11734,SHIITAKE MUSHROOM,FOOD,RAW,100,MUSHRO,VEGTOT,0.4,0.0,0.28,3.3,25.0,3.0,224.0,13.0,2.8,1.1,2.6,2.6,73.0,0.15,0.33,0.05,0.0,0.07,2.1,0.1,0.0,,0.293,0.77
11735,OYSTER MUSHROOM,FOOD,RAW,100,MUSHRO,VEGTOT,0.1,0.0,0.43,2.4,51.0,3.0,298.0,16.0,0.0,0.0,5.2,5.2,110.0,0.2,1.2,0.07,0.0,0.05,1.6,0.02,0.0,0.0,0.11,0.66
28905,"FLOUR, WHOLE WHEAT FLOUR",FOOD,RAW,100,WHEAT,CERTOT,34.0,4.3,3.52,12.6,43.0,10.0,431.0,144.0,12.74,5.0,6.738,9.41,508.0,0.121,7.0,0.419,0.0,0.0,0.0,0.0,1.57,1.0,0.42,4.16
28909,RYE MACARONI,FOOD,RAW,100,WHEAT,CERTOT,25.85,83.5,2.616,6.0,34.65,9.5,325.05,94.6,28.03,11.0,3.966,6.237,336.4,0.117,5.601,0.3065,0.37,0.0,0.0,0.0,1.052,1.874,0.28,2.828
28910,"RICE, BROWN",FOOD,RAW,100,RICE,CERTOT,10.0,0.0,0.7,4.0,23.0,2.75,246.5,101.0,15.29,6.0,4.308,5.911,254.5,0.048,13.55,0.2075,0.0,0.0,0.0,0.0,0.36,0.512,0.37,1.78
28913,"POTATO, UNPEELED, AVARAGE, RAW",FOOD,RAW,85,POTATO,POTATOT,5.6,67.9,0.67,1.0,23.18,1.0,500.0,24.0,2.55,1.0,0.6,0.917,45.0,0.03,0.637,0.21,0.64,0.0,10.0,0.0,0.05,1.04,0.12,0.31
28915,"MUSKMELON/CANTALOUPE MELON, WITH SKIN",FOOD,RAW,50,FRUITOTH,FRUITTOT,10.0,52.5,0.15,0.45,2.5,2.0,105.0,5.5,10.19,4.0,0.3,0.317,6.5,0.01,0.2,0.02,1.845,0.0,13.0,0.0,0.025,0.5,0.03,0.0
28916,"APPLE, AVERAGE, WITH SKIN",FOOD,RAW,87,APPLE,FRUITTOT,3.92,70.7,0.078,1.566,2.51,1.0,99.18,3.697,2.04,0.8,0.087,0.152,7.8,0.013,0.044,0.0139,2.222,0.0,5.22,0.0,0.209,1.74,0.05,0.017
28917,"PEAR, WITH SKIN",FOOD,RAW,88,APPLE,FRUITTOT,9.68,116.0,0.176,3.432,1.76,0.88,132.0,6.16,3.05,1.2,0.264,0.308,11.4,0.026,0.88,0.0088,1.443,0.0,5.28,0.0,0.053,1.76,0.02,0.088
28918,"PLUM, WITH STONE",FOOD,RAW,92,APPLE,FRUITTOT,14.72,623.1,0.276,1.564,2.76,0.92,202.4,9.2,7.03,2.76,0.368,0.432,18.4,0.11,0.101,0.0184,33.138,0.0,4.6,0.0,0.782,11.04,0.04,0.092
28919,"PRUNE, WITH STONE",FOOD,DRIE,83,APPLE,FRUITTOT,55.61,325.3,1.66,7.138,2.49,2.49,738.7,43.16,4.23,1.66,1.562,1.908,74.7,0.154,0.415,0.0423,14.16,0.0,0.0,0.0,1.461,49.385,0.21,0.415
28920,CHERRY WITH STONE,FOOD,RAW,91,FRUITOTH,FRUITTOT,16.38,62.8,0.273,1.365,4.55,0.18,158.8,7.735,4.64,1.82,0.182,0.288,14.6,0.064,0.091,0.0455,5.214,0.0,9.1,0.0,0.064,1.365,0.04,0.091
28921,"APRICOT, AVERAGE, WITH STONE",FOOD,RAW,94,APPLE,FRUITTOT,29.14,974.8,0.404,1.786,4.7,0.94,150.4,8.272,4.79,1.88,0.47,0.611,10.3,0.047,0.94,0.0376,62.886,0.0,9.4,0.0,0.902,3.102,0.05,0.31
28922,"PEACH/NECTARINE, AVERAGE, WITH STONE",FOOD,RAW,87,APPLE,FRUITTOT,6.96,131.7,0.435,1.827,2.61,0.87,174.0,9.57,2.22,0.87,0.522,0.595,17.4,0.052,0.348,0.0174,8.065,0.0,5.74,0.0,0.835,1.305,0.03,0.087
28923,"PINEAPPLE, WITH SKIN",FOOD,RAW,53,FRUITOTH,FRUITTOT,6.36,31.8,0.106,0.742,2.65,0.74,92.22,7.42,5.4,2.12,0.259,0.312,4.2,0.011,0.318,0.0424,2.639,0.0,16.22,0.0,0.011,0.106,0.05,0.043
28924,"ORANGE, AVERAGE, WITH SKIN",FOOD,RAW,72,CITRUS,FRUITTOT,38.88,120.1,0.122,1.512,19.06,0.36,108.0,9.36,2.94,1.15,0.288,0.384,16.6,0.025,0.036,0.0612,5.314,0.0,36.72,0.0,0.259,0.072,0.06,0.079
28925,"LEMON, WITH SKIN",FOOD,RAW,65,CITRUS,FRUITTOT,21.45,10.2,0.26,1.82,7.15,0.65,104.0,7.15,4.97,1.95,0.13,0.195,13.0,0.013,0.26,0.0325,0.182,0.0,33.15,0.0,0.13,0.13,0.04,0.065
28926,"GRAPEFRUIT, AVERAGE, WITH SKIN",FOOD,RAW,65,CITRUS,FRUITTOT,21.45,15.0,0.065,0.91,16.9,0.65,104.0,7.15,3.31,1.3,0.175,0.251,13.0,0.023,0.065,0.0325,0.429,0.0,21.45,0.0,0.208,0.013,0.03,0.065
28928,"GRAPE LEAVES, CANNED",FOOD,CANN,100,VEGCANN,VEGTOT,390.0,,2.3,4.5,78.0,,45.0,41.0,5631.08,2210.0,0.5,0.5,35.0,0.24,0.9,0.08,136.95,0.0,15.0,0.0,1.79,97.3,0.14,0.3
28931,"WATERMELON, WITH SKIN",FOOD,RAW,55,FRUITOTH,FRUITTOT,3.85,2674.0,0.275,0.605,1.1,0.55,55.0,4.4,2.8,1.1,0.11,0.128,5.5,0.011,0.055,0.0165,12.892,0.0,6.05,0.0,0.028,0.11,0.08,0.055
28932,"GRAPE, AVERAGE, GREEN OR RED",FOOD,RAW,95,FRUITOTH,FRUITTOT,9.1,99.7,0.95,1.045,1.9,0.95,191.75,6.839,12.1,4.75,0.179,0.353,22.7,0.038,0.475,0.0475,2.565,0.0,4.56,0.0,0.598,18.05,0.04,0.068
28933,AVOCADO  WITH SKIN AND STONE,FOOD,RAW,71,FRUITOTH,FRUITTOT,10.65,288.6,0.355,4.757,7.81,0.71,284.0,20.59,10.86,4.26,0.781,1.077,22.0,0.114,0.284,0.0497,3.664,0.0,7.24,0.0,1.47,14.2,0.3,0.0
28934,"BANANA, WITH SKIN",FOOD,RAW,67,FRUITOTH,FRUITTOT,4.16,19.9,0.67,1.206,8.4,0.67,240.16,20.983,8.54,3.35,0.469,0.614,16.7,0.04,0.217,0.0268,1.126,0.0,6.7,0.0,0.141,0.335,0.34,0.124
28935,"MANDARIN, AVERAGE, WITH SKIN",FOOD,RAW,80,CITRUS,FRUITTOT,29.6,387.5,0.16,1.52,16.8,0.8,120.0,10.4,3.26,1.28,0.32,0.427,12.8,0.032,0.04,0.064,16.672,0.0,32.8,0.0,0.256,0.08,0.07,0.08
28936,"FIG, DRIED, WITH STEM",FOOD,DRIE,97,FRUITOTH,FRUITTOT,157.14,36.9,1.969,9.021,8.73,,659.6,65.96,24.72,9.7,0.6,1.022,65.0,0.08,0.582,0.0825,0.485,0.0,1.16,0.0,0.339,15.132,0.1,0.534
28937,"DATE, DRIED, WITH STONE",FOOD,DRIE,87,FRUITOTH,FRUITTOT,51.33,1152.8,1.479,7.16,13.05,0.0,687.3,41.76,20.84,8.18,1.654,1.508,64.4,0.087,0.396,0.0435,68.739,0.0,4.35,0.0,2.486,30.786,0.23,2.001
28938,"OLIVE, AVERAGE, WITHOUT STONE, IN OIL, GREEN/BLACK",FOOD,CANN,100,FRUITOTH,FRUITTOT,61.0,807.8,1.0,4.4,0.0,,91.0,22.0,6115.2,2400.0,0.0,0.434,17.0,0.0,1.125,0.0,23.63,0.0,0.0,0.0,1.65,1.4,0.01,0.22
28939,"KIWI FRUIT, WITH SKIN",FOOD,RAW,92,FRUITOTH,FRUITTOT,29.6,208.7,0.92,2.484,38.64,0.0,266.51,12.383,11.72,4.6,0.276,0.553,24.7,0.046,0.46,0.0055,3.386,0.0,61.64,0.0,0.04,31.556,0.11,0.082
28941,"APPLE, DOMESTIC, WITH SKIN",FOOD,RAW,87,APPLE,FRUITTOT,4.35,61.6,0.087,1.566,2.51,1.0,93.96,3.915,2.04,0.8,0.087,0.174,7.8,0.013,0.044,0.0139,1.235,0.0,6.96,0.0,0.209,5.0,0.05,0.019
28942,"APPLE, IMPORTED, WITH SKIN",FOOD,RAW,87,APPLE,FRUITTOT,3.48,79.9,0.07,1.566,2.51,1.0,104.4,3.48,2.04,0.8,0.087,0.131,7.8,0.013,0.044,0.0139,3.21,0.0,3.48,0.0,0.209,5.0,0.04,0.014
28944,HONEYDEW MELON WITH SKIN,FOOD,RAW,50,FRUITOTH,FRUITTOT,4.5,28.5,0.05,0.4,1.0,,105.0,5.0,40.77,16.0,0.15,0.175,8.0,0.005,0.0,0.015,1.245,0.0,4.5,0.0,0.01,0.2,0.03,0.0
28962,"SWEET CORN, CORN ON THE COB",FOOD,RAW,60,VEGLEAF,VEGTOT,1.2,509.5,0.312,2.22,24.6,0.0,162.0,22.2,4.58,1.8,1.14,1.591,53.4,0.048,0.24,0.09,4.17,0.0,7.2,0.0,0.048,0.18,0.13,0.0
29014,COCONUT MILK,FOOD,CANN,100,LEGULIQ,LEGUTOT,18.0,0.0,3.3,0.49,14.0,0.7,220.0,46.0,33.12,13.0,0.637,1.038,96.0,0.0,0.382,0.022,0.0,0.0,1.0,0.0,0.15,3.0,0.03,0.56
29055,"NOODLE, RICE NOODLE",FOOD,RAW,100,RICE,CERTOT,18.0,0.0,0.7,1.6,7.0,0.0,30.0,12.0,463.74,182.0,0.221,0.888,153.0,0.017,15.1,0.031,0.0,0.0,0.0,0.0,0.036,0.036,0.01,0.74
29150,"JUICE DRINK, LINGONBERRY, DILUTED, CONTAINS SUGAR",FOOD,MIX,100,FBDRINK,FRUITTOT,4.2,1.9,0.08,0.0,0.0,0.0,27.0,1.4,2.66,1.04,0.03,0.038,2.0,0.004,0.062,0.08,0.05,0.0,0.4,0.0,0.092,0.54,0.02,0.008
29208,COUSCOUS,FOOD,RAW,100,WHEAT,CERTOT,13.0,4.3,1.2,5.0,42.0,5.0,150.0,21.0,7.64,3.0,1.0,3.722,95.0,0.05,,0.08,0.36,0.0,0.0,0.0,0.15,1.0,0.11,0.8
29217,RUFOUS MILKCAP,FOOD,RAW,100,MUSHRO,VEGTOT,2.8,0.0,1.0,1.5,35.0,1.0,290.0,10.0,8.15,3.2,5.5,6.051,55.0,0.42,1.2,0.1,0.0,0.06,1.3,5.5,0.0,0.3,0.18,0.62
29237,RYE BRAN,FOOD,RAW,100,RYE,CERTOT,45.0,219.7,9.5,39.0,58.0,5.0,900.0,300.0,2.55,1.0,0.2,3.173,750.0,0.16,5.0,0.31,0.54,0.0,0.0,0.0,1.02,5.9,0.17,8.0
29410,PORCINI,FOOD,RAW,100,MUSHRO,VEGTOT,1.4,0.0,0.77,3.0,29.5,1.0,270.0,6.9,12.77,5.01,4.9,8.407,47.0,0.353,11.0,0.138,0.0,0.06,0.25,2.62,0.0,0.3,0.18,0.9
29496,"MACARONI, GLUTEN-FREE",FOOD,RAW,100,CEROTH,CERTOT,57.6,4.8,2.12,3.16,87.0,7.0,422.2,62.0,10.55,4.14,0.5,2.801,153.0,0.058,2.4,0.18,0.4,0.0,0.0,0.0,0.038,0.82,0.14,0.68
29499,"FLOUR MIXTURE, NATURALLY GLUTEN-FREE, RICE, CORN, POTATO",FOOD,MIX,100,CEROTH,CERTOT,190.0,0.0,6.5,3.0,7.95,7.75,88.5,22.405,1274.0,500.0,4.0,4.98,81.0,0.4,9.175,0.4,0.0,0.0,0.0,0.0,0.024,0.024,0.42,0.811
29685,"PLUM JUICE, UNSWEETENED",FOOD,BOIL,100,JUICE,FRUITTOT,4.12,65.0,0.032,0.163,0.29,0.32,21.13,0.96,2.94,1.15,0.038,0.045,1.9,0.012,0.076,0.0019,3.458,0.0,0.48,0.0,0.082,1.152,0.0,0.01
29822,"FLOUR, CORN MEAL, COARSELY GROUND",FOOD,RAW,100,CEROTH,CERTOT,5.0,1515.0,1.1,7.4,15.0,,162.0,40.0,7.64,3.0,1.0,1.635,84.0,0.05,7.8,0.14,10.67,0.0,0.0,0.0,0.15,0.3,0.257,0.72
29823,"FLOUR, CORN MEAL, FINELY GROUND",FOOD,RAW,100,CEROTH,CERTOT,2.0,1515.0,0.91,1.9,15.0,,90.0,18.0,2.55,1.0,2.656,3.291,60.0,0.058,8.0,0.074,10.67,0.0,0.0,0.0,0.15,0.3,0.097,0.37
30104,TAPIOCA,FOOD,DRIE,100,STARCH,CERTOT,20.0,0.0,1.58,0.9,4.0,,11.0,1.0,2.55,1.0,0.0,0.05,7.0,0.0,0.8,0.004,0.0,0.0,0.0,0.0,0.0,0.0,0.008,0.12
30190,"FLOUR, OAT FLOUR",FOOD,RAW,100,OAT,CERTOT,56.0,177.0,5.5,9.0,38.7,20.0,457.0,160.0,2.55,1.0,0.8,4.307,537.0,0.09,11.0,0.33,0.0,0.0,0.0,0.0,0.85,2.1,0.13,4.1
30193,"PASTA, MULTIGRAIN, WHEAT, RYE AND BARLEY",FOOD,RAW,100,WHEAT,CERTOT,32.8,41.6,3.596,5.0,41.7,9.0,425.3,133.8,7.64,3.0,5.96,8.482,467.6,0.125,6.96,0.4062,0.054,0.0,0.0,0.0,1.388,1.61,0.36,3.898
30214,WATER CHESTNUT,FOOD,RAW,100,ROOT,VEGTOT,11.0,0.0,0.06,3.0,16.0,0.0008,584.0,22.0,35.67,14.0,1.0,1.0,63.0,0.2,0.7,0.14,0.0,0.0,4.0,0.0,1.2,0.3,1.8,0.5
30221,RICE AND OAT MIX,FOOD,RAW,100,RICE,CERTOT,28.5,88.5,2.95,5.85,28.3,10.0,322.0,116.0,7.64,3.0,2.969,5.382,365.5,0.08,7.0,0.365,0.0,0.0,0.0,0.0,0.44,1.13,0.1,2.8
30223,"SWEET POTATO, WITHOUT SKIN",FOOD,RAW,100,ROOT,VEGTOT,30.0,8516.0,0.61,3.0,11.0,2.0,337.0,25.0,140.14,55.0,0.557,0.891,47.0,0.061,0.6,0.078,706.54,0.0,2.4,0.0,0.26,1.8,0.209,0.3
30391,"PEAR JUICE, UNSWEETENED",FOOD,MASH,100,JUICE,FRUITTOT,11.0,131.8,0.2,0.0,2.0,1.0,150.0,7.0,3.47,1.36,0.3,0.35,13.0,0.03,1.0,0.01,1.64,0.0,6.0,0.0,0.06,2.0,0.02,0.1
30444,"TOMATO, SUN-DRIED, IN OIL",FOOD,CANN,100,VEGCANN,VEGTOT,47.0,47845.0,2.68,5.8,23.0,,1565.0,81.0,677.77,266.0,3.63,4.248,139.0,0.383,3.0,0.193,43.492,0.0,101.8,0.0,0.01,43.0,0.319,0.78
30570,MALTODEXTRIN,FOOD,X,100,STARCH,CERTOT,,0.0,,0.0,0.0,,,,127.4,50.0,0.0,0.0,,0.0,,0.0,0.0,0.0,0.0,0.0,0.0,0.0,0.0,
30574,"BLACKCURRANT JUICE, UNSWEETENED, UNDILUTED, HOME-MADE",FOOD,BOIL,100,FBDRINK,FRUITTOT,37.5,271.1,0.6,2.9,7.1,0.5,170.0,12.0,3.82,1.5,0.15,0.246,29.0,0.009,0.075,0.021,4.1,0.0,64.0,0.0,1.115,15.0,0.04,0.155
30575,"BLACKCURRANT JUICE, UNSWEETENED, DILUTED, HOME-MADE",FOOD,BOIL,100,FBDRINK,FRUITTOT,9.9,54.2,0.12,0.58,1.42,0.1,34.0,2.4,2.8,1.1,0.03,0.039,5.8,0.002,0.055,0.0042,0.82,0.0,12.8,0.0,0.223,3.0,0.01,0.031
30606,"JUICE, UNSWEETENED, VITAMIN C, VITAMIN D, PROBIOTICS",FOOD,MIX,100,JUICE,FRUITTOT,9.85,83.6,0.43,0.0,2.68,1.0,153.51,6.386,8.47,3.32,1.249,1.399,14.2,0.033,0.563,0.0334,1.432,0.0,40.0,1.0,0.228,0.76,0.04,0.07
30914,FLORENCE FENNEL,FOOD,RAW,100,VEGLEAF,VEGTOT,24.0,440.0,0.3,2.4,42.0,,440.0,8.0,28.03,11.0,0.6,0.6,26.0,0.01,1.0,0.06,36.52,0.0,5.0,0.0,0.2,62.8,0.06,0.5
30968,"PINE NUT, PINE KERNEL",FOOD,DRIE,100,NUTSEED,LEGUTOT,19.12,26.0,6.73,3.7,34.0,,597.0,251.0,5.1,2.0,4.387,7.076,575.0,0.227,4.7,0.364,1.41,0.0,0.8,0.0,13.0,53.9,0.094,8.51
30991,"LINSEED, WHOLE",FOOD,DRIE,100,NUTSEED,LEGUTOT,234.4,651.0,8.23,26.4,87.0,0.0,834.0,389.0,109.56,43.0,3.08,8.04,613.0,0.161,13.0,1.644,0.0,0.0,0.6,0.0,0.2,4.3,0.473,5.44
31139,"PASTA, WHEAT GERM PASTA",FOOD,RAW,100,WHEAT,CERTOT,130.0,238.1,2.8,6.179,39.29,9.38,270.63,75.0,299.82,117.67,1.872,4.422,230.7,0.115,7.729,0.3,0.793,0.0,0.0,0.0,2.686,1.287,0.19,2.866
31174,"PASTA, DARK HIGH PROTEIN PASTA",FOOD,RAW,100,WHEAT,CERTOT,20.51,360.8,3.28,6.0,70.77,7.74,395.14,97.068,249.88,98.07,1.806,6.047,344.9,0.209,7.539,0.531,1.666,0.0,0.0,0.0,6.454,1.754,0.25,5.534
31175,QUINOA,FOOD,RAW,100,CEROTH,CERTOT,47.0,172.0,4.57,7.0,92.0,,563.0,197.0,12.74,5.0,1.52,4.309,457.0,0.318,8.5,0.36,0.71,0.0,,0.0,2.44,0.0,0.487,3.1
31211,PUMPKIN SEED,FOOD,DRIE,100,NUTSEED,LEGUTOT,63.0,228.0,10.3,6.0,58.0,,807.0,535.0,45.86,18.0,1.745,11.915,1174.0,0.32,2.1,0.21,18.92,0.0,1.9,0.0,2.3,51.4,0.224,8.4
31212,"NUT, PISTACHIO NUT",FOOD,DRIE,100,NUTSEED,LEGUTOT,110.0,1362.0,4.2,10.3,50.0,,1042.0,120.0,2.55,1.0,1.425,5.617,485.0,0.158,9.3,0.84,13.03,0.0,2.3,0.0,2.3,13.2,1.274,2.3
31213,"BEAN, MUNG BEAN, BOILED, WITH SALT",FOOD,BOIL,100,PEABEAN,LEGUTOT,38.0,19.0,1.74,5.3,91.0,,282.0,46.0,591.14,232.0,0.472,1.741,101.0,0.053,2.6,0.12,1.58,0.0,1.0,0.0,0.16,2.9,0.08,0.74
31214,"BEAN, KIDNEY BEAN, BOILED",FOOD,BOIL,100,PEABEAN,LEGUTOT,28.0,0.0,2.92,7.4,129.0,,401.0,45.0,593.68,233.0,0.575,0.575,141.0,0.058,1.2,0.159,0.0,0.0,1.2,0.0,0.03,8.4,0.119,1.06
31216,"BEAN, ADZUKI BEAN, DRIED",FOOD,DRIE,100,PEABEAN,LEGUTOT,84.0,12.0,4.2,11.1,622.0,,1220.0,130.0,12.74,5.0,2.6,5.806,380.0,0.22,2.0,0.45,1.0,0.0,0.0,0.0,,,0.351,5.0
31217,"BEAN, ADZUKI BEAN, BOILED WITHOUT SALT",FOOD,BOIL,100,PEABEAN,LEGUTOT,39.0,6.0,1.9,5.5,121.0,,570.0,60.0,5.1,2.0,0.9,0.925,180.0,0.08,1.0,0.14,0.5,0.0,0.0,0.0,,,0.096,2.3
31218,"CHICK PEA, DRIED",FOOD,DRIE,100,PEABEAN,LEGUTOT,160.0,60.0,5.5,10.7,180.0,,1000.0,130.0,99.37,39.0,1.9,5.24,310.0,0.24,2.0,0.39,4.98,0.0,0.0,0.0,2.88,9.0,0.53,3.0
31219,"LENTILS, RED, DRIED",FOOD,DRIE,100,PEABEAN,LEGUTOT,51.0,60.0,7.6,4.9,35.0,,710.0,83.0,91.73,36.0,2.0,5.724,320.0,0.2,6.0,0.5,4.98,0.0,0.0,0.0,0.49,,0.6,3.1
31225,"LENTILS, RED, COOKED",FOOD,BOIL,100,PEABEAN,LEGUTOT,16.0,20.0,2.4,1.9,5.0,,220.0,26.0,30.58,12.0,0.4,1.586,100.0,0.04,2.0,0.11,1.66,0.0,0.0,0.0,0.11,1.7,0.11,1.0
31226,"SPELT FLOUR, WHOLE MEAL",FOOD,RAW,100,WHEAT,CERTOT,27.0,5.0,4.9,8.38,45.0,,395.0,142.0,2.55,1.0,6.843,9.849,450.0,0.09,1.7,0.42,0.41,0.0,0.0,0.0,0.98,,0.265,4.8
31233,"BEAN, BROAD BEAN, FAVA BEAN, BOILED WITH SALT",FOOD,BOIL,100,PEABEAN,LEGUTOT,36.0,9.0,1.49,5.4,103.0,,266.0,43.0,601.33,236.0,0.707,1.909,124.0,0.088,2.6,0.096,0.75,0.0,0.3,0.0,0.02,2.9,0.072,1.0
31237,AMARANTH FLAKES,FOOD,RAW,100,CEROTH,CERTOT,17.0,29.0,1.76,6.7,82.0,,353.0,25.0,89.18,35.0,2.61,5.633,331.0,0.11,70.7,0.07,0.083,0.0,2.5,0.0,1.19,0.0,0.07,0.25
31256,"FRESH PASTA, CONTAINS EGG",FOOD,RAW,100,WHEAT,CERTOT,20.43,38.3,0.747,2.555,16.06,9.48,120.27,23.657,1298.34,509.55,0.661,2.421,96.2,0.055,8.96,0.0642,13.421,0.13,0.0,0.11,0.532,1.7,0.08,0.655
31482,"MACARONI, PASTA, CONTAINS EGG",FOOD,RAW,100,WHEAT,CERTOT,36.59,129.8,3.016,9.702,43.61,15.31,355.27,113.22,60.58,23.78,5.203,7.891,429.0,0.161,11.333,0.3434,47.367,0.45,0.0,0.396,1.546,0.914,0.35,3.455
31532,"FLOUR MIXTURE, NATURALLY GLUTEN-FREE, DARK",FOOD,MIX,100,CEROTH,CERTOT,10.23,272.7,2.4,8.842,19.33,6.85,208.4,81.14,10.7,4.2,3.17,4.334,188.5,0.04,15.07,0.0898,1.921,0.0,0.0,0.0,0.404,1.054,0.4,1.203
31534,"FLOUR MIXTURE, GLUTEN-FREE, CONTAINS WHEAT STARCH AND MILK, WITH ADDED VITAMINS",FOOD,MIX,100,CEROTH,CERTOT,150.0,2.7,6.5,0.0,40.0,19.55,222.32,16.381,1.27,0.5,4.0,4.0,127.4,0.4,2.605,0.4,0.746,0.34,0.78,0.001,0.001,0.013,0.35,0.616
31537,"PASTA, WHOLEGRAIN RICE FLOUR, NATURALLY GLUTEN-FREE",FOOD,RAW,100,RICE,CERTOT,11.0,0.0,3.6,7.4,19.0,5.0,260.0,110.0,15.29,6.0,4.308,5.911,250.0,0.03,23.0,0.05,0.0,0.0,0.0,0.0,0.63,0.8,0.61,1.6
31538,"APRICOT PUREE, UNSWEETENED, WITH ADDED VITAMIN C",FOOD,MASH,100,FRUITCAN,FRUITTOT,29.74,985.1,0.415,1.805,3.32,0.95,152.14,8.44,4.97,1.95,0.475,0.494,10.7,0.038,0.951,0.0285,57.2,0.0,30.0,0.0,0.912,3.135,0.05,0.314
31539,"BERRY PUREE, UNSWEETENED, ADDED VITAMIN C",FOOD,MASH,100,FRUITCAN,FRUITTOT,30.48,131.9,0.732,2.8,16.3,0.8,187.48,14.56,1.53,0.6,0.368,0.499,32.6,0.045,0.089,0.024,1.95,0.0,30.0,0.0,0.981,9.428,0.06,0.24
31544,"FLOUR MIXTURE, NATURALLY GLUTEN-FREE",FOOD,MIX,100,CEROTH,CERTOT,9.29,606.0,1.452,7.952,19.35,9.65,137.8,50.0,6.47,2.54,2.017,2.577,115.9,0.044,7.43,0.0971,4.268,0.0,0.0,0.0,0.177,0.92,0.3,0.694
31550,"FLOUR MIXTURE, GLUTEN-FREE, CONTAINS WHEAT STARCH AND MILK POWDER",FOOD,MIX,100,CEROTH,CERTOT,204.02,3.2,0.071,0.0,7.65,22.75,256.6,18.905,214.04,84.01,0.135,1.463,147.0,0.327,3.025,0.051,0.861,0.39,0.9,0.002,0.002,0.015,0.07,0.711
31552,GUAVA,FOOD,RAW,100,FRUITOTH,FRUITTOT,18.0,5578.0,0.26,5.4,49.0,,417.0,22.0,5.1,2.0,1.084,1.451,40.0,0.04,0.6,0.067,31.04,0.0,228.3,0.0,0.73,2.6,0.11,0.23
31555,"POMEGRANATE, WITHOUT SKIN",FOOD,RAW,100,FRUITOTH,FRUITTOT,10.0,0.0,0.3,4.0,38.0,,236.0,12.0,7.64,3.0,0.293,0.293,36.0,0.053,0.5,0.067,0.0,0.0,10.2,0.0,0.6,16.4,0.075,0.35
31557,"CHILI, GREEN, RAW",FOOD,RAW,100,VEGFRU,VEGTOT,18.0,1469.0,1.2,1.5,23.0,,340.0,25.0,17.84,7.0,0.95,1.384,46.0,0.09,0.5,0.09,58.72,0.0,242.5,0.0,0.69,14.3,0.278,0.3
31675,"PASTA, SPAGHETTI, MACARONI, NATURALLY GLUTEN-FREE",FOOD,RAW,100,CEROTH,CERTOT,52.16,4.1,1.796,2.686,73.95,5.95,360.09,56.02,35.34,13.87,0.425,2.412,146.8,0.049,2.04,0.153,0.338,0.0,0.0,0.0,0.032,0.697,0.12,0.578
31677,"PASTA, SPAGHETTI, NATURALLY GLUTEN-FREE, CONTAINS EGG",FOOD,RAW,100,CEROTH,CERTOT,19.56,126.5,0.519,0.0,10.5,7.61,29.25,7.38,69.55,27.3,0.014,0.678,59.5,0.067,5.94,0.0208,47.367,0.45,0.0,0.396,0.337,0.144,0.02,0.252
31679,"PASTA, RICH IN FIBER, NATURALLY GLUTEN-FREE",FOOD,RAW,100,CEROTH,CERTOT,54.86,4.3,1.857,6.4,79.3,7.5,382.55,59.92,55.46,21.76,0.454,2.567,161.2,0.052,2.2,0.162,0.358,0.0,0.0,0.0,0.034,0.738,0.12,0.62
31683,"FLOUR MIXTURE, GLUTEN-FREE, CONTAINS WHEAT STARCH, WITH ADDED VITAMINS",FOOD,MIX,100,CEROTH,CERTOT,0.02,0.0,6.5,0.0,0.0,0.25,0.1,0.005,0.01,0.01,4.0,4.0,0.0,0.4,0.025,0.4,0.0,0.0,0.0,0.0,0.0,0.0,0.42,0.0
32182,"BILBERRY OR BLUEBERRY, DRIED, BILBERRY POWDER",FOOD,DRIE,100,BERRY,FRUITTOT,120.0,2070.0,3.5,41.8,74.67,6.67,390.0,47.0,2.8,1.1,2.667,3.78,160.0,0.093,10.0,0.8867,2.988,0.0,0.5,0.0,12.333,87.8,0.4,0.95
32455,"GRAPEFRUIT PINK/RED, WITHOUT SKIN",FOOD,RAW,100,CITRUS,FRUITTOT,22.0,700.0,0.08,1.6,13.0,,135.0,9.0,0.0,0.0,0.204,0.204,18.0,0.031,0.1,0.043,58.0,0.0,31.2,0.0,0.13,0.0,0.053,0.07
32456,ARTICHOKE,FOOD,RAW,100,VEGLEAF,VEGTOT,44.0,28.9,1.28,5.4,68.0,,370.0,60.0,239.51,94.0,1.046,1.046,90.0,0.066,0.2,0.072,0.66,0.0,11.7,0.0,0.19,14.8,0.116,0.49
32464,"NUT, BRAZIL NUT",FOOD,RAW,100,NUTSEED,LEGUTOT,160.0,0.0,2.43,7.5,22.0,20.0,659.0,376.0,7.64,3.0,0.295,0.295,725.0,0.035,1917.0,0.617,0.0,0.0,0.7,0.0,0.9,0.0,0.101,4.06
32570,"4-GRAIN FLAKES, RIIHIKOSKEN VEHNMYLLY",FOOD,RAW,100,WHEAT,CERTOT,33.4,148.1,4.22,11.18,40.58,20.0,399.6,115.6,8.15,3.2,2.3,5.005,356.4,0.078,9.412,0.242,0.18,0.0,0.0,0.0,0.678,2.98,0.2,3.02
32731,"NOODLE, WHOLE WHEAT",FOOD,RAW,100,WHEAT,CERTOT,33.95,220.2,3.798,9.603,43.88,5.07,405.52,119.022,1088.32,427.13,4.85,7.456,338.4,0.147,7.504,0.34,1.402,0.01,0.0,0.009,0.977,2.525,0.11,2.916
32892,"FRUIT DRINK, HYV PIV, CRANBERRY, PARTIALLY ARTIFICIALLY SWEETENED",FOOD,MASH,100,FBDRINK,FRUITTOT,4.2,4.5,0.024,1.0,1.31,0.22,15.67,0.964,3.06,1.2,0.19,0.181,1.5,0.004,0.364,0.0065,0.097,0.0,2.6,0.0,0.079,0.551,0.01,0.012
32893,"FRUIT DRINK, HYV PIV, CITRUS, PARTIALLY ARTIFICIALLY SWEETENED, VITAMINS",FOOD,MASH,100,FBDRINK,FRUITTOT,5.08,20.4,0.025,0.02,1.84,0.17,24.78,1.391,4.68,1.84,0.044,0.049,2.3,0.002,0.087,0.0053,0.347,0.0,20.0,0.0,0.032,0.834,0.01,0.009
32894,"FRUIT DRINK, HYV PIV, SWEETENED WITH FRUCTOSE, WITH ADDED VITAMINS",FOOD,MASH,100,FBDRINK,FRUITTOT,50.0,1465.4,0.132,1.413,2.4,0.49,55.13,3.659,3.42,1.34,0.201,0.199,4.8,0.01,0.184,0.009,120.0,0.0,36.0,0.0,2.0,0.329,0.03,0.032
32895,"NUT, MACADAMIA NUT",FOOD,RAW,100,NUTSEED,LEGUTOT,85.0,,3.69,8.6,11.0,,368.0,130.0,12.74,5.0,2.473,3.592,188.0,0.162,3.6,1.195,0.0,0.0,1.2,0.0,0.54,,0.275,1.3
33023,"GINGER ROOT, RAW",FOOD,RAW,100,ROOT,VEGTOT,16.0,0.0,0.6,2.0,11.0,,415.0,43.0,33.12,13.0,0.75,0.95,34.0,0.034,0.7,0.025,0.0,0.0,5.0,0.0,0.26,0.1,0.19,0.34
33024,"GINGER, PICKLED",FOOD,CANN,100,VEGCANN,VEGTOT,16.78,0.0,0.334,1.08,5.94,0.25,225.25,27.422,2977.16,1168.43,0.405,0.513,20.5,0.018,0.409,0.0135,0.0,0.0,2.7,0.0,0.14,0.054,0.1,0.186
33038,"SHARON, KAKI, PERSIMON",FOOD,RAW,100,FRUITOTH,FRUITTOT,8.0,1290.0,0.2,2.0,8.0,,161.0,9.0,2.55,1.0,0.1,0.2,17.0,0.02,1.0,0.03,107.07,0.0,8.0,0.0,0.0,2.6,0.02,0.1
33060,"PAPAYA, DRIED",FOOD,DRIE,100,FRUITOTH,FRUITTOT,159.0,3682.0,0.66,5.0,126.0,,1702.0,66.0,50.96,20.0,2.015,2.015,33.0,0.191,4.0,0.125,75.86,0.0,81.9,0.0,4.83,17.2,0.113,0.46
33065,"MANGO, DRIED",FOOD,DRIE,100,FRUITOTH,FRUITTOT,29.0,687.0,0.39,5.2,20.0,,454.0,26.0,15.29,6.0,1.526,1.526,32.0,0.155,1.9,0.118,55.32,0.0,16.1,0.0,3.25,12.2,0.35,0.12
33067,"EXOTIC FRUIT AVERAGE, MANGO, PAPAYA, DRIED",FOOD,DRIE,100,FRUITOTH,FRUITTOT,94.0,2184.5,0.525,5.1,73.0,,1078.0,46.0,33.12,13.0,1.771,1.771,32.5,0.173,2.95,0.1215,65.59,0.0,49.0,0.0,4.04,14.7,0.23,0.29
33070,"FIG, DRIED",FOOD,DRIE,100,FRUITOTH,FRUITTOT,162.0,38.0,2.03,9.3,9.0,,680.0,68.0,25.48,10.0,0.619,1.053,67.0,0.082,0.6,0.085,0.5,0.0,1.2,0.0,0.35,15.6,0.106,0.55
33077,"PINEAPPLE, DRIED",FOOD,DRIE,100,FRUITOTH,FRUITTOT,66.0,89.0,1.48,7.1,46.0,,556.0,61.0,12.74,5.0,2.296,2.296,41.0,0.147,0.5,0.282,8.0,0.0,48.8,0.0,0.1,3.6,0.514,0.61
33095,"NUT, PECAN",FOOD,RAW,100,NUTSEED,LEGUTOT,70.0,55.0,2.53,9.6,22.0,,410.0,121.0,2.55,1.0,1.167,2.72,277.0,0.13,3.8,0.66,2.78,0.0,1.1,0.0,1.4,3.5,0.25,4.53
33102,"NUT, PEANUT, HONEY-ROASTED",FOOD,DRIE,100,NUTSEED,LEGUTOT,54.0,0.0,1.38,8.2,105.0,,640.0,154.0,710.89,279.0,12.067,15.908,347.0,0.082,3.0,0.074,0.0,0.0,0.8,0.0,6.05,0.0,0.405,2.89
33105,"(ARC)PRETZEL, HARD",FOOD,BAK,100,WHEAT,CERTOT,18.0,9.0,5.2,3.0,186.0,,136.0,29.0,3457.64,1357.0,5.13,5.13,113.0,0.32,6.0,0.507,0.0,0.0,0.0,0.0,0.35,2.1,0.044,1.43
33108,"(ARC)PRETZEL, SOFT",FOOD,BAK,100,WHEAT,CERTOT,23.0,17.0,3.92,1.7,24.0,,88.0,21.0,3577.39,1404.0,4.27,4.27,79.0,0.29,17.2,0.41,0.0,0.0,0.0,0.0,0.54,2.7,0.02,0.94
33121,"HEMP SEED, WHOLE",FOOD,RAW,100,NUTSEED,LEGUTOT,105.1,7.0,13.029,27.6,110.0,,859.0,483.0,30.58,12.0,9.2,12.54,1160.0,0.1,8.8,0.4,0.581,0.0,0.5,0.0,1.7,,0.6,7.312
33128,"NUT, CHILI NUT",FOOD,DRIE,100,NUTSEED,LEGUTOT,53.9,7.9,1.922,4.572,62.27,7.14,430.34,106.88,2772.82,1088.23,6.944,9.437,209.5,0.06,1.666,0.45,0.085,0.0,0.0,0.0,6.109,2.778,0.07,1.582
33130,"NUT, CASHEW NUT, SALT",FOOD,ROAS,100,NUTSEED,LEGUTOT,45.0,22.0,6.0,3.5,69.2,10.0,565.0,260.0,727.71,285.6,1.2,8.715,490.0,0.2,11.0,0.2,0.0,0.0,0.0,0.0,0.9,7.0,0.4,5.6
33131,"NUT, PISTACHIO NUT, SALT",FOOD,ROAS,100,NUTSEED,LEGUTOT,110.0,1362.0,4.2,10.3,50.0,0.06,1042.0,120.0,1185.81,465.39,1.425,5.617,485.0,0.158,9.3,0.84,13.03,0.0,2.3,0.0,1.93,13.2,1.274,2.3
33269,APPLE CHIPS,FOOD,DRIE,100,APPLE,FRUITTOT,37.9,257.1,1.086,15.1,0.22,0.02,738.2,31.58,0.0,0.0,0.592,0.79,53.3,0.156,0.28,0.001,0.986,0.0,4.84,0.0,0.523,10.893,0.18,0.169
33395,"MASHED POTATO POWDER, RAINBOW",FOOD,DRIE,100,POTAPROD,POTATOT,43.01,289.3,2.57,6.192,50.11,0.21,1854.81,92.428,3208.87,1259.37,1.212,3.079,149.7,0.086,5.666,0.2226,2.723,0.0,22.44,0.0,0.363,6.23,0.51,1.105
33396,"MASHED POTATO POWDER, PIRKKA/FELIX",FOOD,DRIE,100,POTAPROD,POTATOT,55.99,295.4,2.628,6.316,52.12,3.18,1908.43,95.902,2746.1,1077.75,1.254,3.335,171.8,0.131,6.18,0.2336,2.892,0.05,23.0,0.0,0.407,6.801,0.53,1.221
33397,"MASHED POTATO POWDER, ELDORADO",FOOD,DRIE,100,POTAPROD,POTATOT,27.01,294.0,2.621,6.32,57.4,0.19,1871.78,92.33,1997.48,783.94,1.3,3.209,153.0,0.097,5.751,0.2318,2.767,0.0,22.9,0.0,0.312,5.643,0.52,1.145
33436,"ROSE HIP, DRIED, ROSE HIP POWDER",FOOD,DRIE,100,BERRY,FRUITTOT,430.0,18700.0,1.5,52.9,21.0,1.0,940.0,100.0,6.37,2.5,1.5,2.101,160.0,0.055,10.0,0.0465,444.46,0.0,127.0,0.0,7.1,25.9,0.035,1.0
33456,SPINACH,FOOD,RAW,100,VEGLEAF,VEGTOT,89.0,7732.4,1.8,1.9,194.0,1.0,620.0,52.0,53.51,21.0,1.2,1.801,34.0,0.24,10.0,0.11,275.19,0.0,60.0,0.0,1.22,270.0,0.22,0.45
33494,"SWEET PEPPER, RED, CANNED",FOOD,CANN,100,VEGFRU,VEGTOT,41.0,5576.6,0.8,1.2,16.0,1.04,146.0,11.0,3488.21,1369.0,0.55,0.717,20.0,0.03,0.3,0.025,28.1,0.0,46.5,0.0,1.944,4.14,0.22,0.18
33499,"SOYA MINCE, WHITE OR DARK",FOOD,RAW,100,SOYAPROD,LEGUTOT,244.0,,13.7,15.0,303.0,,2490.0,306.0,7.64,3.0,2.587,13.492,701.0,0.251,3.3,0.691,1.99,0.0,0.0,0.0,,,0.69,5.06
33568,"NUT AND FRUIT MIX, SALTED NUTS, DRIED FRUITS",FOOD,MIX,100,NUTSEED,LEGUTOT,108.6,248.3,3.502,9.554,52.45,4.46,677.05,149.38,11.12,4.36,3.205,5.792,281.9,0.205,5.482,0.3392,13.762,0.0,1.39,0.0,7.705,11.311,0.31,2.542
33569,"NUT MIX, WITHOUT SALT",FOOD,MIX,100,NUTSEED,LEGUTOT,104.97,36.8,3.531,8.89,60.96,7.45,601.99,208.21,7.26,2.85,3.175,6.106,405.1,0.125,313.278,0.5528,0.82,0.0,0.8,0.0,5.046,6.425,0.34,3.533
33579,"NUT MIX, SALTED",FOOD,BAK,100,NUTSEED,LEGUTOT,106.04,221.5,3.543,8.904,43.18,6.35,650.81,193.76,992.5,389.52,2.826,5.256,410.5,0.114,275.114,0.4667,2.271,0.0,0.7,0.0,4.557,7.248,0.46,3.303
33596,"OAT DRINK WITHOUT MILK, AVERAGE OF INDUSTRIAL PRODUCTS",FOOD,MIX,100,OATLIQ,CERTOT,97.07,14.8,0.393,0.88,8.6,1.67,34.63,11.927,96.67,37.94,0.067,0.36,39.4,0.072,1.049,0.0276,24.0,0.27,0.0,0.41,0.486,0.188,0.06,0.301
33597,"SOYA DRINK, PLAIN, AVERAGE OF INDUSTRIAL PRODUCTS",FOOD,MIX,100,LEGULIQ,LEGUTOT,92.35,1.2,0.732,1.039,32.39,0.57,151.72,19.947,78.76,30.91,0.192,0.855,41.7,0.111,1.672,0.095,0.099,0.17,0.0,0.277,0.413,4.62,0.04,0.102
33600,"RICE DRINK, AVERAGE OF INDUSTRIAL PRODUCTS",FOOD,MIX,100,CEROTLIQ,CERTOT,91.05,0.0,0.468,0.462,2.99,0.65,33.83,14.419,84.65,33.22,0.56,0.768,32.6,0.004,3.033,0.0065,0.0,0.0,0.0,0.325,0.463,0.45,0.08,0.208
33601,"MASHED POTATO POWDER, AVERAGE OF INDUSTRIAL PRODUCTS",FOOD,MIX,100,POTAPROD,POTATOT,45.5,293.5,2.612,6.286,52.94,1.69,1885.87,94.141,2674.64,1049.7,1.255,3.24,161.6,0.111,5.944,0.2304,2.818,0.03,22.84,0.0,0.372,6.369,0.52,1.173
33631,"FLOUR MIXTURE, GLUTEN-FREE, AVERAGE OF INDUSTRIAL PRODUCTS",FOOD,MIX,100,CEROTH,CERTOT,111.94,191.3,4.278,3.005,15.62,11.88,156.82,30.908,233.54,91.66,3.048,3.814,121.4,0.287,6.722,0.2627,1.615,0.1,0.29,0.0,0.096,0.305,0.34,0.709
33632,"PASTA, GLUTEN-FREE, AVERAGE OF INDUSTRIAL PRODUCTS",FOOD,MIX,100,CEROTH,CERTOT,39.04,27.9,1.978,3.929,53.95,6.61,290.82,59.064,37.24,14.61,1.14,2.874,154.1,0.051,7.116,0.1132,9.693,0.09,0.0,0.079,0.214,0.64,0.2,0.746
33757,"ORANGE JUICE, UNSWEETENED, 60 MG VITAMIN C",FOOD,MASH,100,JUICE,FRUITTOT,10.0,42.1,0.1,0.0,25.0,1.0,190.0,9.0,9.68,3.8,0.4,0.534,16.0,0.02,0.05,0.07,0.75,0.0,60.0,0.0,0.16,0.2,0.08,0.04
34079,"PORRIDGE FLAKE MIX WITH FIBRE, NALLE",FOOD,RAW,100,OAT,CERTOT,72.32,252.6,6.916,27.0,52.24,14.95,708.14,245.37,17.38,6.82,2.959,6.388,609.0,0.139,9.86,0.5548,0.257,0.0,0.07,0.0,0.728,3.853,0.34,4.929
34136,"SEAWEED, NORI, DRIED",FOOD,DRIE,100,VEGCANN,VEGTOT,430.0,14910.0,19.6,44.4,,2100.0,2840.0,12.0,2012.92,790.0,5.5,5.5,350.0,1.34,,0.24,1237.53,0.0,14.0,0.0,,,0.07,6.4
34137,"SEAWEED, WAKAME, DRIED",FOOD,DRIE,100,VEGCANN,VEGTOT,660.0,515.0,11.6,47.1,,15200.0,220.0,470.0,8204.56,3220.0,5.5,5.5,310.0,0.14,1.0,0.11,42.74,0.0,15.0,0.0,,,0.01,1.7
34159,"ROCKET, ARUGULA",FOOD,RAW,100,VEGLEAF,VEGTOT,160.0,4979.0,1.46,1.6,107.6,1.0,369.0,47.0,68.8,27.0,0.305,0.906,52.0,0.058,0.3,0.062,118.19,0.0,17.1,0.0,0.43,108.6,0.073,0.47
34228,"SPINACH, FROZEN",FOOD,FROZ,100,VEGLEAF,VEGTOT,88.0,7732.4,1.3,1.3,194.0,1.0,470.0,59.0,63.7,25.0,1.2,1.801,30.0,0.24,0.3,0.11,275.19,0.0,60.0,0.0,1.22,270.0,0.22,0.9
34229,"PEA, GREEN, FROZEN",FOOD,FROZ,100,PEABEAN,LEGUTOT,31.0,2134.8,2.0,3.1,58.97,1.0,370.0,40.0,17.84,7.0,2.5,3.385,130.0,0.18,0.6,0.35,31.13,0.0,20.0,0.0,0.03,28.0,0.16,1.3
34230,"WILD ROCKET, SAND ROCKET",FOOD,RAW,100,VEGLEAF,VEGTOT,160.0,4979.0,1.46,1.6,97.0,1.0,369.0,47.0,25.48,10.0,0.305,0.906,52.0,0.086,0.3,0.044,118.19,0.0,15.0,0.0,0.43,108.6,0.073,0.47
34231,GARDEN LETTUCE,FOOD,RAW,100,VEGLEAF,VEGTOT,56.0,2734.5,0.7,1.0,38.6,1.0,360.0,21.0,58.6,23.0,0.4,0.4,40.0,0.022,0.2,0.03,81.63,0.0,2.69,0.0,0.63,115.0,0.1,0.5
34232,RADICCHIO,FOOD,RAW,100,VEGLEAF,VEGTOT,19.9,15.0,0.4,1.1,64.0,0.4,212.0,10.0,15.29,6.0,0.25,0.528,31.4,0.012,1.0,0.023,1.24,0.0,3.71,0.0,0.1,255.2,0.055,0.2
34233,ROMAINE LETTUCE,FOOD,RAW,100,VEGLEAF,VEGTOT,46.0,1.1,0.54,1.8,76.7,1.0,300.0,17.0,17.84,7.0,0.5,0.8,28.0,0.021,0.0,0.026,91.0,0.0,2.15,0.0,0.3,129.0,0.1,0.31
34234,"ONION, RED ONION",FOOD,RAW,100,VEGONI,VEGTOT,33.0,23.1,0.5,1.98,27.1,1.0,220.0,11.0,9.43,3.7,0.116,0.4,40.0,0.005,0.5,0.037,0.57,0.0,5.3,0.0,0.04,0.7,0.24,0.4
34235,"RADISH, WHITE",FOOD,RAW,100,ROOT,VEGTOT,27.0,0.0,0.4,1.6,26.2,1.0,227.0,16.0,53.51,21.0,0.2,0.25,23.0,0.01,0.7,0.005,0.0,0.0,13.7,0.0,0.0,0.3,0.06,0.15
34236,PEA SHOOT,FOOD,RAW,100,VEGLEAF,VEGTOT,250.0,3142.0,5.5,1.6,65.0,,300.0,11.0,22.93,9.0,1.1,1.751,37.0,0.051,0.4,0.11,260.79,0.0,1.44,0.0,0.8,,0.13,0.7
34237,"CORN SALAD, LAMB'S LETTUCE",FOOD,RAW,100,VEGLEAF,VEGTOT,71.0,2.9,1.78,1.8,41.6,6.0,350.0,22.0,7.64,3.0,0.7,1.1,30.0,0.038,0.0,0.048,243.76,0.0,4.87,0.0,1.5,377.0,0.17,0.18
34238,"CORIANDER, FRESH",FOOD,RAW,100,VEGLEAF,VEGTOT,67.0,4168.9,1.77,2.8,51.3,,521.0,26.0,117.21,46.0,1.114,1.114,48.0,0.098,0.9,0.092,336.11,0.0,10.1,0.0,2.5,310.0,0.18,0.5
34239,NORTHERN MILKCAP,FOOD,RAW,100,MUSHRO,VEGTOT,1.5,0.0,0.53,1.5,21.0,1.0,260.0,12.0,5.1,2.0,5.5,5.5,49.0,0.42,2.0,0.033,0.0,0.06,2.11,2.93,0.0,0.3,0.18,0.8
34240,FUNNEL CHANTERELLE,FOOD,RAW,100,MUSHRO,VEGTOT,3.6,1329.4,0.85,3.22,11.0,1.0,450.0,10.0,11.38,4.468,3.94,3.94,50.0,0.26,18.0,0.135,110.34,0.0,0.25,15.4,0.0,,0.04,0.77
34241,WOOLLY MILKCAP,FOOD,RAW,100,MUSHRO,VEGTOT,1.2,0.0,0.56,1.5,21.0,1.0,280.0,12.0,5.1,2.0,5.5,5.5,67.0,0.42,6.0,0.033,0.0,0.06,2.11,2.93,0.0,,0.18,0.11
34242,"FLOUR, WHEAT FLOUR, SEMI-COARSE, V600",FOOD,RAW,100,WHEAT,CERTOT,22.0,4.3,0.8,3.5,17.0,10.0,189.0,40.0,2.55,1.0,0.9,3.071,142.0,0.05,9.3,0.08,0.36,0.0,0.0,0.0,0.39,1.0,0.1,1.1
34243,"BEAN, BROAD BEAN, FAVA BEAN, FRESH",FOOD,RAW,100,PEABEAN,LEGUTOT,22.0,210.0,1.9,4.2,96.0,,250.0,38.0,5.1,2.0,1.5,2.435,95.0,0.11,1.2,0.17,17.5,0.0,33.0,0.0,0.3,9.0,0.05,0.58
34244,"SUGAR SNAP PEAS, FRESH",FOOD,RAW,100,PEABEAN,LEGUTOT,60.0,432.0,1.24,2.2,47.0,1.0,230.0,33.0,5.1,2.0,0.8,1.351,67.0,0.044,4.0,0.16,36.0,0.0,66.0,0.0,0.5,62.0,0.15,0.64
34245,"SESAME SEED, WHITE, WITHOUT HULL",FOOD,DRIE,100,NUTSEED,LEGUTOT,58.7,5.0,7.41,11.3,97.0,0.0,603.0,442.0,66.25,26.0,4.515,11.546,896.0,0.18,84.5,1.47,0.41,0.0,0.0,0.0,0.0,14.0,0.79,7.58
34246,"FLOUR, RYE, WHOLEGRAIN RYE FLOUR R800",FOOD,RAW,100,RYE,CERTOT,53.0,6.5,3.1,16.0,38.0,5.0,572.0,124.0,2.55,1.0,0.2,2.037,418.0,0.16,3.1,0.31,0.54,0.0,0.0,0.0,1.02,0.0,0.17,3.7
34247,"FLOUR, RYE, WHOLEGRAIN RYE FLOUR R1000",FOOD,RAW,100,RYE,CERTOT,35.0,6.5,2.5,16.0,38.0,5.0,405.0,87.0,2.55,1.0,0.2,2.037,255.0,0.16,5.4,0.31,0.54,0.0,0.0,0.0,1.02,0.0,0.17,2.3
34248,"FLOUR, BARLEY, WHOLE GRAIN BARLEY FLOUR",FOOD,RAW,100,BARLEY,CERTOT,33.0,0.0,3.8,7.6,35.0,5.0,443.0,115.0,2.55,1.0,5.5,7.504,376.0,0.12,5.3,0.4,0.0,0.0,0.0,0.0,0.3,0.0,0.1,3.1
34249,"FLOUR, COARSE WHEAT FLOUR",FOOD,RAW,100,WHEAT,CERTOT,19.0,4.3,0.5,3.5,17.0,10.0,131.0,22.0,2.55,1.0,0.9,3.071,95.0,0.05,9.9,0.08,0.36,0.0,0.0,0.0,0.39,1.0,0.1,0.7
34254,"SEAWEED, KOMBU, DRIED",FOOD,DRIE,100,VEGCANN,VEGTOT,900.0,340.0,12.7,34.5,,429000.0,450.0,610.0,4662.84,1830.0,2.1,2.1,210.0,0.26,,0.07,28.22,0.0,13.0,0.0,,,0.01,6.2
34361,"MANGO, WITHOUT SKIN",FOOD,RAW,100,FRUITOTH,FRUITTOT,11.0,685.1,0.16,1.6,43.0,,168.0,10.0,2.55,1.0,0.669,0.886,14.0,0.038,0.6,0.028,53.91,0.0,36.4,0.0,0.9,4.2,0.14,0.09
34380,"BEAN, WHITE BEAN, NAVY BEAN",FOOD,DRIE,100,PEABEAN,LEGUTOT,161.4,0.0,6.1,15.3,364.0,0.6,1732.5,183.0,12.74,5.0,2.188,6.313,449.0,0.164,11.0,0.775,0.0,0.0,0.0,0.0,0.02,2.5,0.428,2.4
34668,SEED BLEND,FOOD,MIX,100,NUTSEED,LEGUTOT,72.91,108.8,7.654,5.77,56.6,,831.5,448.6,20.13,7.9,3.387,10.624,1000.6,0.276,9.018,1.2704,8.954,0.0,0.84,0.0,22.22,27.3,0.48,7.718
34680,PASSION FRUIT,FOOD,RAW,100,FRUITOTH,FRUITTOT,12.0,784.0,1.6,10.4,14.0,,348.0,29.0,71.34,28.0,1.5,1.5,68.0,0.13,0.6,0.03,63.37,0.0,30.0,0.0,0.02,0.7,0.1,0.1
34694,"PAPAYA, WITHOUT SKIN",FOOD,RAW,100,FRUITOTH,FRUITTOT,20.0,2782.0,0.25,1.7,37.0,,182.0,21.0,20.38,8.0,0.357,0.491,10.0,0.027,0.6,0.023,47.268,0.0,60.9,0.0,0.3,2.6,0.038,0.08
34713,"MACARONI, DARK, WHOLE WHEAT AND DARK WHEAT FLOUR",FOOD,RAW,100,WHEAT,CERTOT,28.52,197.2,3.432,8.712,55.7,4.4,366.96,106.48,2.55,1.0,4.4,7.49,305.4,0.132,6.694,0.308,0.317,0.0,0.0,0.0,0.88,2.288,0.1,2.64
34743,"BEAN, BROAD BEAN, FAVA BEAN, DRY, BROAD BEAN GROATS",FOOD,DRIE,100,LEGUPROD,LEGUTOT,103.0,420.0,6.7,13.55227,78.8,,1062.0,192.0,16.44,6.453463,2.832,6.957,421.0,0.35494,8.2,0.548544,35.0,0.0,1.4,0.0,0.34,9.0,0.44,3.14
34835,"LINGONBERRY JUICE, UNSWEETENED",FOOD,BOIL,100,JUICE,FRUITTOT,22.0,31.3,0.4,0.0,19.6,1.0,80.0,9.0,5.1,2.0,0.5,0.634,17.0,0.005,0.1,0.063,0.76,0.0,10.7,0.0,1.53,9.0,0.01,0.2
34847,CHIA SEED,FOOD,DRIE,100,NUTSEED,LEGUTOT,623.6,32.4,9.598,34.4,49.0,,407.0,335.0,40.77,16.0,8.83,13.673,860.0,0.17,32.0,0.62,2.689,0.0,1.6,0.0,0.3,,,6.288
34872,"NUT MIX, WITHOUT SALT, ROASTED",FOOD,ROAS,100,NUTSEED,LEGUTOT,104.97,36.8,3.531,8.89,45.72,7.45,601.99,208.21,7.26,2.85,3.175,5.496,405.1,0.112,313.278,0.4423,0.738,0.0,0.56,0.0,5.046,6.425,0.34,3.533
34905,RICE AND BARLEY MIX,FOOD,MIX,100,RICE,CERTOT,15.0,81.2,2.1,4.65,16.0,5.0,250.0,77.5,9.43,3.7,4.069,5.73,235.0,0.075,5.3,0.3,0.0,0.0,0.0,0.0,0.165,1.18,0.09,2.05
34907,RICE AND RYE MIX,FOOD,MIX,100,RICE,CERTOT,16.7,65.9,3.57,9.35,29.12,9.5,317.0,110.0,14.52,5.7,3.226,4.899,262.0,0.051,17.6,0.107,0.162,0.0,0.0,0.0,0.558,2.33,0.55,1.9
34971,"OAT, COARSE-GROUND OAT, KAURAKUITUNEN",FOOD,RAW,100,OAT,CERTOT,38.25,79.6,3.6,69.7,22.95,9.0,287.1,103.5,440.8,173.0,0.36,2.878,323.1,0.076,5.85,0.45,0.0,0.0,0.0,0.0,0.383,0.945,0.08,2.25
34972,"OLIVE, AVERAGE, WITHOUT STONE, IN BRINE, GREEN",FOOD,CANN,100,FRUITOTH,FRUITTOT,52.0,750.0,0.49,3.3,3.0,,42.0,11.0,3964.69,1556.0,0.237,0.671,4.0,0.007,0.9,0.021,19.546,0.0,0.0,0.0,3.81,1.4,0.031,0.04
35146,"4-GRAIN FLAKES, GLUTEN FREE",FOOD,RAW,100,OAT,CERTOT,27.52,361.4,3.47,6.146,29.15,11.91,282.96,97.21,223.61,87.76,1.416,3.818,306.9,0.077,10.342,0.2249,1.707,0.0,0.0,0.0,0.483,1.278,0.2,2.622
35220,"HEMP SEED, WITHOUT HULL",FOOD,RAW,100,NUTSEED,LEGUTOT,58.88,7.0,11.31,4.0,110.0,,859.0,483.0,30.58,12.0,9.2,9.203,1160.0,0.1,24.955,0.4,0.581,0.0,0.5,0.0,1.7,,0.6,10.61
35221,POPPY SEED,FOOD,DRIE,100,NUTSEED,LEGUTOT,1608.306,0.0,10.82,19.5,82.0,,719.0,347.0,66.25,26.0,0.854,3.927,870.0,0.1,11.0,0.854,0.0,0.0,1.0,0.0,2.0,0.0,0.247,6.897
35315,"RICE, QUINOA AND MULTIGRAIN MIX",FOOD,RAW,100,RICE,CERTOT,20.87,58.6,2.601,5.686,30.3,7.6,325.96,109.08,11.5,4.52,3.971,5.875,308.0,0.098,5.02,0.3381,0.159,0.0,0.0,0.0,0.507,1.175,0.17,2.464
35513,"LINSEED, CRUSHED, ROASTED, VALO24",FOOD,DRIE,100,NUTSEED,LEGUTOT,234.4,651.0,8.23,23.7,87.0,0.0,834.0,389.0,109.56,43.0,3.08,8.04,613.0,0.161,13.0,1.644,0.0,0.0,0.6,0.0,0.2,4.3,0.473,5.44
35580,"CRANBERRY, DRIED, CRANBERRY POWDER",FOOD,DRIE,100,BERRY,FRUITTOT,82.0,2500.0,7.1,47.4,100.0,50.0,450.0,48.0,6.37,2.5,5.0,11.7,120.0,3.5,10.0,2.5,89.5,0.0,14.3,0.0,47.0,450.0,3.0,1.3
35581,VELVET BOLETE,FOOD,RAW,100,MUSHRO,VEGTOT,0.3,,10.0,3.2,,,140.0,4.3,2.29,0.9,,,31.0,,10.0,,,0.0,,1.0,,,,0.4
35582,"FOREST LAMB MUSHROOM, SHEEP POLYPORE",FOOD,RAW,100,MUSHRO,VEGTOT,0.7,,0.11,3.6,,,260.0,5.4,3.06,1.2,,,43.0,,10.0,,,0.0,,1.56,,,,0.36
35583,BOLETE,FOOD,RAW,100,MUSHRO,VEGTOT,0.7,0.0,0.41,3.3,29.5,1.0,250.0,4.7,3.57,1.4,4.9,4.9,36.0,0.353,10.0,0.138,0.0,0.0,0.25,0.125,0.0,0.3,0.18,0.72
35584,SPRUCE BUD,FOOD,RAW,100,VEGLEAF,VEGTOT,16.0,,0.37,7.2,,,210.0,21.0,2.04,0.8,,,56.0,,10.0,,,0.0,66.7,0.0,,,,0.96
35585,"ROSEBAY WILLOW HERB OR FIREWEED, SHOOT",FOOD,RAW,100,VEGLEAF,VEGTOT,210.0,,1.6,7.5,,,410.0,73.0,3.31,1.3,,,120.0,,10.0,,,0.0,103.0,0.0,,,,1.3
35586,"DANDELION, LEAF",FOOD,RAW,100,VEGLEAF,VEGTOT,120.0,6338.0,1.3,7.7,27.0,,690.0,52.0,3.06,1.2,0.806,0.806,48.0,0.26,10.0,0.19,505.968,0.0,40.8,0.0,3.44,,0.251,0.44
35587,"DANDELION, BUD",FOOD,RAW,100,VEGLEAF,VEGTOT,65.0,,1.1,8.2,,,500.0,41.0,2.29,0.9,,,79.0,,10.0,,,0.0,23.3,0.0,,,,0.54
35588,"GOUTWEED, GROUND ELDER, HERB GERARD, LEAF",FOOD,RAW,100,VEGLEAF,VEGTOT,130.0,,2.0,9.1,,,770.0,53.0,2.04,0.8,,,70.0,,10.0,,,0.0,80.0,0.0,,,,0.59
35589,"BLACK CURRANT, LEAF",FOOD,RAW,100,VEGLEAF,VEGTOT,310.0,,2.6,11.4,,,580.0,80.0,3.06,1.2,,,150.0,,10.0,,,0.0,209.0,0.0,,,,1.1
35591,"BOG BILBERRY, BOG WHORTLEBERRY",FOOD,RAW,100,BERRY,FRUITTOT,11.0,310.5,0.13,2.4,11.2,,84.0,5.5,4.33,1.7,0.4,0.567,11.0,0.014,10.0,0.133,3.918,0.0,26.2,0.0,1.85,9.0,0.06,0.23
35592,CHOKEBERRY,FOOD,RAW,100,BERRY,FRUITTOT,21.0,,0.25,5.2,,,170.0,14.0,2.8,1.1,,,16.0,,10.0,,,0.0,6.15,0.0,,,,0.12
35593,"CHOKEBERRY, DRIED, CHOKEBERRY POWDER",FOOD,DRIE,100,BERRY,FRUITTOT,210.0,,6.1,49.1,,,610.0,62.0,6.37,2.5,,,140.0,,10.0,,,0.0,0.25,0.0,,,,0.69
35595,"BLACK CURRANT, DRIED, BLACK CURRANT POWDER",FOOD,DRIE,100,BERRY,FRUITTOT,310.0,1694.4,2.8,38.6,44.37,3.13,1100.0,120.0,6.12,2.4,0.938,1.616,320.0,0.053,10.0,0.1312,25.625,0.0,255.0,0.0,6.969,93.75,0.25,1.1
35596,BLUEBERRY,FOOD,RAW,100,BERRY,FRUITTOT,6.7,310.5,0.77,3.3,11.2,1.0,71.0,4.9,1.78,0.7,0.4,0.567,9.8,0.014,10.0,0.133,3.92,0.0,15.6,0.0,1.85,9.0,0.06,0.06
35597,"ROWANBERRY, DRIED, ROWANBERRY POWDER",FOOD,DRIE,100,BERRY,FRUITTOT,290.0,617.6,4.2,50.3,58.82,5.88,640.0,100.0,4.08,1.6,2.941,3.729,200.0,0.029,10.0,0.3706,47.847,0.0,2.97,0.0,2.876,52.941,0.41,0.83
35598,"ROWANBERRY JUICE, WITHOUT SUGAR",FOOD,BOIL,100,JUICE,FRUITTOT,32.0,,0.07,0.6,,,280.0,18.0,1.02,0.4,,,17.0,,10.0,,,0.0,27.7,0.0,,,,0.15
35599,"LINGONBERRY, DRIED, LINGONBERRY POWDER",FOOD,DRIE,100,BERRY,FRUITTOT,100.0,260.8,5.9,36.2,163.33,8.33,340.0,48.0,5.86,2.3,4.167,5.283,130.0,0.042,10.0,0.525,6.333,0.0,12.6,0.0,12.75,75.0,0.08,1.2
35600,"SEA BUCKTHORN, DRIED, SEA BUCKTHORN POWDER",FOOD,DRIE,100,BERRY,FRUITTOT,55.0,5058.8,5.6,44.3,58.82,0.0,940.0,64.0,33.12,13.0,1.529,1.529,230.0,0.412,10.0,1.0588,419.882,0.0,76.2,0.0,17.941,79.412,0.76,1.8
35601,"SEA BUCKTHORN JUICE, WITHOUT SUGAR",FOOD,BOIL,100,JUICE,FRUITTOT,5.2,,0.68,0.2,,,130.0,4.9,17.33,6.8,,,12.0,,10.0,,,0.0,65.0,0.0,,,,0.15
35602,BLACK CROWBERRY,FOOD,RAW,100,BERRY,FRUITTOT,5.1,,0.31,9.5,,,100.0,4.4,4.33,1.7,,,8.1,,10.0,,,0.0,8.97,0.0,,,,0.08
35605,"DANDELION, BUD AND LEAF, AVERAGE",FOOD,RAW,100,VEGLEAF,VEGTOT,92.5,3169.0,1.2,7.95,13.5,,595.0,46.5,2.67,1.05,0.403,0.403,63.5,0.13,10.0,0.095,252.984,0.0,32.05,0.0,1.72,,0.13,0.49
35606,ANGELICA,FOOD,RAW,100,VEGLEAF,VEGTOT,246.0,,0.73,8.6,,,838.0,33.0,1.8,0.72,,,87.0,,0.5,,,0.0,103.0,0.0,,,,0.38
35607,YARROW,FOOD,RAW,100,VEGLEAF,VEGTOT,296.0,,1.4,12.0,,,864.0,69.0,16.3,6.5,,,92.0,,0.5,,,0.0,26.0,0.0,,,,1.3
35608,"HORN OF PLENTY, DRIED",FOOD,DRIE,100,MUSHRO,VEGTOT,19.5,,2.9,38.0,,1.0,4650.0,77.3,74.66,29.3,,,302.0,,5.0,,0.0,0.0,,,0.0,,,9.6
35611,"PINE BOLETE, FROZEN",FOOD,FROZ,100,MUSHRO,VEGTOT,0.5,0.0,0.11,2.0,29.5,1.0,122.0,2.0,1.48,0.58,4.9,8.407,23.8,0.353,200.0,0.138,0.0,0.06,0.25,,0.0,0.3,0.18,0.57
35615,JUNIPER BERRY,FOOD,RAW,100,BERRY,FRUITTOT,165.0,,1.68,45.0,,,816.0,46.9,2.22,0.87,,,76.4,,5.0,,,0.0,,0.0,,,,0.5
35616,"NETTLE, LEAF, DRIED",FOOD,DRIE,100,VEGLEAF,VEGTOT,2830.0,,6.7,31.0,,14.29,2530.0,450.0,125.0,17.14,,,450.0,,3000.0,,,0.0,24.0,0.0,,,,2.4
35623,"BEAN, BROAD BEAN, FAVA BEAN, DRIED, BOILED WITHOUT SALT",FOOD,BOIL,100,PEABEAN,LEGUTOT,36.0,9.0,1.49,5.4,103.0,,266.0,43.0,12.74,5.0,0.707,1.909,124.0,0.088,2.6,0.096,0.75,0.0,0.3,0.0,0.02,2.9,0.072,1.0
35635,"BEAN, BLACK BEAN, TURTLE BEAN, DRIED",FOOD,DRIE,100,PEABEAN,LEGUTOT,160.0,10.2,8.7,15.5,444.0,,1500.0,160.0,22.93,9.0,1.955,6.163,440.0,0.193,3.2,0.9,0.847,0.0,0.0,0.0,0.21,5.6,0.286,2.2
35638,"BEAN, BLACK BEAN, TURTLE BEAN, IN BRINE, CANNED",FOOD,CANN,100,PEABEAN,LEGUTOT,35.0,2.4,1.9,6.9,61.0,,308.0,35.0,978.43,384.0,0.62,1.822,108.0,0.12,1.3,0.14,0.199,0.0,2.7,0.0,0.62,,0.055,0.54
